transaction_id,customer_id,amount,currency,payment_method,bank,hour_of_day,day_of_week,failure_reason,failure_category,previous_success_count,previous_failure_count,customer_success_rate,attempt_number,gateway_latency_ms,device_type,risk_level,email_recovery_success,whatsapp_recovery_success,voice_recovery_success,recovered,recovered_amount
pay_tx_100001,cust_2824,3281.5,INR,UPI,PAYTM_BANK,8,1,card_expired,PAYMENT_METHOD_PROBLEM,7,2,0.778,2,224,mobile_android,LOW,1,1,1,1,3281.5
pay_tx_100002,cust_1434,1365.15,INR,WALLET,ICICI,22,5,incorrect_pin,CUSTOMER_CORRECTABLE,22,8,0.733,1,207,web_mobile,LOW,0,1,0,1,1365.15
pay_tx_100003,cust_7924,12028.76,INR,DEBIT_CARD,SBI,4,1,incorrect_pin,CUSTOMER_CORRECTABLE,24,5,0.828,1,430,web_mobile,LOW,0,1,0,1,12028.76
pay_tx_100004,cust_8527,1029.3,INR,WALLET,HDFC,12,0,incorrect_pin,CUSTOMER_CORRECTABLE,17,4,0.81,2,370,web_desktop,LOW,1,1,1,1,1029.3
pay_tx_100005,cust_5741,2417.17,INR,UPI,YES_BANK,7,6,insufficient_funds,INSUFFICIENT_FUNDS,3,6,0.333,1,32,web_desktop,LOW,1,0,0,1,2417.17
pay_tx_100006,cust_2169,536.25,INR,WALLET,PAYTM_BANK,5,4,insufficient_funds,INSUFFICIENT_FUNDS,23,3,0.885,1,315,web_mobile,LOW,0,1,1,1,536.25
pay_tx_100007,cust_6313,10496.3,INR,UPI,ICICI,1,6,incorrect_pin,CUSTOMER_CORRECTABLE,10,6,0.625,1,208,mobile_ios,MEDIUM,1,1,1,1,10496.3
pay_tx_100008,cust_9179,940.81,INR,NET_BANKING,PAYTM_BANK,14,1,authentication_failed,CUSTOMER_CORRECTABLE,8,2,0.8,1,272,web_desktop,LOW,1,1,1,1,940.81
pay_tx_100009,cust_3266,879.39,INR,WALLET,AXIS,2,6,bank_down,TEMPORARY_INFRASTRUCTURE,1,1,0.5,1,197,mobile_ios,MEDIUM,1,1,1,1,879.39
pay_tx_100010,cust_8668,1778.99,INR,WALLET,SBI,17,6,incorrect_pin,CUSTOMER_CORRECTABLE,0,1,0.0,1,96,web_desktop,MEDIUM,1,1,1,1,1778.99
pay_tx_100011,cust_1053,4851.55,INR,DEBIT_CARD,KOTAK,5,4,insufficient_funds,INSUFFICIENT_FUNDS,3,4,0.429,2,80,mobile_ios,LOW,0,1,0,1,4851.55
pay_tx_100012,cust_9689,367.3,INR,UPI,KOTAK,10,3,fraud_suspected,RISK_RELATED,0,1,0.0,3,290,web_desktop,HIGH,0,0,0,0,0.0
pay_tx_100013,cust_2403,4385.94,INR,NET_BANKING,YES_BANK,2,6,incorrect_pin,CUSTOMER_CORRECTABLE,17,2,0.895,1,284,web_mobile,MEDIUM,1,1,1,1,4385.94
pay_tx_100014,cust_4470,1573.76,INR,WALLET,YES_BANK,23,5,insufficient_funds,INSUFFICIENT_FUNDS,6,4,0.6,1,196,web_desktop,LOW,1,1,1,1,1573.76
pay_tx_100015,cust_6539,1040.27,INR,UPI,KOTAK,17,1,insufficient_funds,INSUFFICIENT_FUNDS,18,3,0.857,1,515,mobile_android,LOW,0,0,1,1,1040.27
pay_tx_100016,cust_4899,2667.51,INR,DEBIT_CARD,PAYTM_BANK,15,1,incorrect_pin,CUSTOMER_CORRECTABLE,17,2,0.895,2,182,web_mobile,LOW,1,1,1,1,2667.51
pay_tx_100017,cust_8062,802.47,INR,DEBIT_CARD,AXIS,13,3,incorrect_pin,CUSTOMER_CORRECTABLE,23,0,1.0,1,388,mobile_android,LOW,1,1,1,1,802.47
pay_tx_100018,cust_4139,6230.42,INR,CREDIT_CARD,KOTAK,14,1,card_expired,PAYMENT_METHOD_PROBLEM,13,2,0.867,1,477,mobile_ios,MEDIUM,1,1,0,1,6230.42
pay_tx_100019,cust_2604,660.46,INR,UPI,PAYTM_BANK,17,6,customer_cancelled,CUSTOMER_ABANDONMENT,0,1,0.0,3,194,mobile_ios,LOW,0,1,0,1,660.46
pay_tx_100020,cust_1960,1017.39,INR,CREDIT_CARD,AXIS,0,3,insufficient_funds,INSUFFICIENT_FUNDS,8,7,0.533,1,215,web_mobile,LOW,1,0,0,1,1017.39
pay_tx_100021,cust_9883,4793.57,INR,UPI,PAYTM_BANK,10,0,customer_cancelled,CUSTOMER_ABANDONMENT,1,7,0.125,1,615,mobile_ios,LOW,0,0,1,1,4793.57
pay_tx_100022,cust_2113,2790.46,INR,CREDIT_CARD,AXIS,3,4,card_expired,PAYMENT_METHOD_PROBLEM,7,0,1.0,1,144,web_mobile,LOW,1,1,1,1,2790.46
pay_tx_100023,cust_6147,1731.96,INR,CREDIT_CARD,SBI,12,1,authentication_failed,CUSTOMER_CORRECTABLE,21,4,0.84,1,691,mobile_android,LOW,1,1,1,1,1731.96
pay_tx_100024,cust_9808,2007.12,INR,CREDIT_CARD,KOTAK,8,1,insufficient_funds,INSUFFICIENT_FUNDS,11,1,0.917,2,196,web_desktop,LOW,1,1,1,1,2007.12
pay_tx_100025,cust_9666,1389.08,INR,UPI,PAYTM_BANK,17,2,insufficient_funds,INSUFFICIENT_FUNDS,21,1,0.955,3,325,mobile_ios,LOW,0,0,1,1,1389.08
pay_tx_100026,cust_5616,685.27,INR,WALLET,ICICI,22,2,balance_low,INSUFFICIENT_FUNDS,6,4,0.6,1,164,web_desktop,MEDIUM,0,1,0,1,685.27
pay_tx_100027,cust_5533,5423.42,INR,UPI,HDFC,10,6,gateway_timeout,TEMPORARY_INFRASTRUCTURE,4,4,0.5,1,319,web_mobile,LOW,1,1,1,1,5423.42
pay_tx_100028,cust_3442,2031.43,INR,WALLET,HDFC,11,4,gateway_timeout,TEMPORARY_INFRASTRUCTURE,17,2,0.895,1,488,mobile_android,LOW,0,1,0,1,2031.43
pay_tx_100029,cust_6862,778.63,INR,CREDIT_CARD,PAYTM_BANK,7,5,insufficient_funds,INSUFFICIENT_FUNDS,3,5,0.375,2,191,web_mobile,HIGH,0,0,0,0,0.0
pay_tx_100030,cust_3662,2579.48,INR,CREDIT_CARD,AXIS,0,1,incorrect_pin,CUSTOMER_CORRECTABLE,23,5,0.821,2,304,web_mobile,MEDIUM,0,1,1,1,2579.48
pay_tx_100031,cust_2771,330.81,INR,NET_BANKING,YES_BANK,1,6,incorrect_pin,CUSTOMER_CORRECTABLE,15,3,0.833,1,177,web_mobile,LOW,0,1,1,1,330.81
pay_tx_100032,cust_4164,1489.89,INR,NET_BANKING,SBI,8,6,authentication_failed,CUSTOMER_CORRECTABLE,2,4,0.333,1,336,web_mobile,LOW,0,1,1,1,1489.89
pay_tx_100033,cust_5279,2462.82,INR,CREDIT_CARD,KOTAK,8,0,fraud_suspected,RISK_RELATED,3,6,0.333,1,235,web_desktop,CRITICAL,0,0,0,0,0.0
pay_tx_100034,cust_4114,199.0,INR,DEBIT_CARD,HDFC,22,3,insufficient_funds,INSUFFICIENT_FUNDS,0,8,0.0,3,244,mobile_ios,LOW,1,0,0,1,199.0
pay_tx_100035,cust_6143,1943.56,INR,UPI,PAYTM_BANK,9,4,incorrect_pin,CUSTOMER_CORRECTABLE,9,6,0.6,1,1094,web_desktop,LOW,1,1,1,1,1943.56
pay_tx_100036,cust_3851,1435.35,INR,WALLET,KOTAK,9,3,incorrect_pin,CUSTOMER_CORRECTABLE,17,0,1.0,1,313,mobile_ios,LOW,1,1,1,1,1435.35
pay_tx_100037,cust_8244,7125.16,INR,CREDIT_CARD,KOTAK,15,6,insufficient_funds,INSUFFICIENT_FUNDS,25,2,0.926,1,425,web_desktop,LOW,0,1,0,1,7125.16
pay_tx_100038,cust_4848,9733.74,INR,DEBIT_CARD,ICICI,6,1,bank_down,TEMPORARY_INFRASTRUCTURE,0,0,0.5,1,64,web_mobile,LOW,0,1,0,1,9733.74
pay_tx_100039,cust_4185,550.79,INR,NET_BANKING,AXIS,12,1,incorrect_pin,CUSTOMER_CORRECTABLE,4,0,1.0,2,155,mobile_android,MEDIUM,1,1,0,1,550.79
pay_tx_100040,cust_8611,281.24,INR,UPI,KOTAK,7,6,bank_down,TEMPORARY_INFRASTRUCTURE,3,7,0.3,1,263,web_mobile,LOW,0,1,0,1,281.24
pay_tx_100041,cust_8251,599.86,INR,WALLET,YES_BANK,23,4,balance_low,INSUFFICIENT_FUNDS,13,8,0.619,1,686,mobile_ios,LOW,0,1,1,1,599.86
pay_tx_100042,cust_5543,706.34,INR,WALLET,AXIS,20,1,balance_low,INSUFFICIENT_FUNDS,8,7,0.533,1,192,web_desktop,LOW,1,0,1,1,706.34
pay_tx_100043,cust_3471,4799.28,INR,CREDIT_CARD,AXIS,22,1,gateway_timeout,TEMPORARY_INFRASTRUCTURE,22,3,0.88,1,79,web_mobile,LOW,1,1,0,1,4799.28
pay_tx_100044,cust_7381,262.7,INR,WALLET,PAYTM_BANK,0,6,incorrect_pin,CUSTOMER_CORRECTABLE,24,6,0.8,1,287,web_desktop,LOW,1,0,0,1,262.7
pay_tx_100045,cust_9818,2469.72,INR,WALLET,YES_BANK,19,1,insufficient_funds,INSUFFICIENT_FUNDS,15,3,0.833,1,434,web_mobile,LOW,1,1,1,1,2469.72
pay_tx_100046,cust_3704,3382.36,INR,NET_BANKING,ICICI,19,4,customer_cancelled,CUSTOMER_ABANDONMENT,0,6,0.0,1,312,mobile_android,LOW,0,0,1,1,3382.36
pay_tx_100047,cust_5262,799.49,INR,NET_BANKING,SBI,6,3,incorrect_pin,CUSTOMER_CORRECTABLE,10,5,0.667,2,297,web_mobile,LOW,0,1,0,1,799.49
pay_tx_100048,cust_8705,2570.07,INR,UPI,PAYTM_BANK,17,0,incorrect_pin,CUSTOMER_CORRECTABLE,11,3,0.786,1,135,mobile_android,MEDIUM,0,1,1,1,2570.07
pay_tx_100049,cust_3496,16965.37,INR,CREDIT_CARD,ICICI,15,5,bank_down,TEMPORARY_INFRASTRUCTURE,3,3,0.5,1,353,web_desktop,MEDIUM,1,1,0,1,16965.37
pay_tx_100050,cust_2876,561.37,INR,CREDIT_CARD,SBI,3,4,insufficient_funds,INSUFFICIENT_FUNDS,0,4,0.0,1,435,web_mobile,LOW,0,1,0,1,561.37
pay_tx_100051,cust_4978,5744.81,INR,UPI,PAYTM_BANK,9,6,bank_down,TEMPORARY_INFRASTRUCTURE,21,1,0.955,2,338,mobile_android,LOW,1,1,0,1,5744.81
pay_tx_100052,cust_6590,1346.86,INR,UPI,YES_BANK,13,6,insufficient_funds,INSUFFICIENT_FUNDS,15,1,0.938,1,130,web_desktop,LOW,0,1,1,1,1346.86
pay_tx_100053,cust_9548,1648.26,INR,DEBIT_CARD,KOTAK,17,6,customer_cancelled,CUSTOMER_ABANDONMENT,15,7,0.682,1,322,web_desktop,LOW,1,0,0,1,1648.26
pay_tx_100054,cust_8385,1836.47,INR,CREDIT_CARD,YES_BANK,14,4,authentication_failed,CUSTOMER_CORRECTABLE,19,6,0.76,1,650,web_mobile,MEDIUM,1,1,0,1,1836.47
pay_tx_100055,cust_6576,3830.69,INR,DEBIT_CARD,KOTAK,22,2,insufficient_funds,INSUFFICIENT_FUNDS,17,0,1.0,1,118,mobile_ios,LOW,0,1,0,1,3830.69
pay_tx_100056,cust_8800,500.16,INR,NET_BANKING,AXIS,0,0,balance_low,INSUFFICIENT_FUNDS,9,3,0.75,1,355,mobile_ios,LOW,0,1,0,1,500.16
pay_tx_100057,cust_7971,1382.77,INR,WALLET,SBI,11,5,incorrect_pin,CUSTOMER_CORRECTABLE,14,4,0.778,1,415,mobile_ios,LOW,1,1,1,1,1382.77
pay_tx_100058,cust_4033,3190.35,INR,CREDIT_CARD,ICICI,23,3,fraud_suspected,RISK_RELATED,8,8,0.5,1,236,mobile_android,HIGH,0,0,0,0,0.0
pay_tx_100059,cust_9751,654.48,INR,CREDIT_CARD,SBI,1,0,gateway_timeout,TEMPORARY_INFRASTRUCTURE,17,4,0.81,1,56,mobile_ios,LOW,0,1,1,1,654.48
pay_tx_100060,cust_5658,2337.68,INR,NET_BANKING,AXIS,14,2,balance_low,INSUFFICIENT_FUNDS,5,0,1.0,1,78,web_mobile,LOW,1,1,0,1,2337.68
pay_tx_100061,cust_1878,626.01,INR,CREDIT_CARD,ICICI,18,2,authentication_failed,CUSTOMER_CORRECTABLE,2,3,0.4,1,280,web_mobile,LOW,0,1,0,1,626.01
pay_tx_100062,cust_8381,1938.85,INR,NET_BANKING,SBI,18,3,customer_cancelled,CUSTOMER_ABANDONMENT,9,0,1.0,1,87,mobile_android,MEDIUM,1,1,0,1,1938.85
pay_tx_100063,cust_3573,6632.0,INR,CREDIT_CARD,ICICI,17,0,insufficient_funds,INSUFFICIENT_FUNDS,5,0,1.0,1,514,web_mobile,LOW,1,1,0,1,6632.0
pay_tx_100064,cust_8438,3354.45,INR,UPI,PAYTM_BANK,7,2,customer_cancelled,CUSTOMER_ABANDONMENT,25,3,0.893,1,363,mobile_ios,LOW,0,0,1,1,3354.45
pay_tx_100065,cust_3718,3354.5,INR,DEBIT_CARD,KOTAK,23,6,card_expired,PAYMENT_METHOD_PROBLEM,18,4,0.818,1,483,web_mobile,LOW,0,0,1,1,3354.5
pay_tx_100066,cust_9090,3950.78,INR,NET_BANKING,HDFC,19,0,insufficient_funds,INSUFFICIENT_FUNDS,13,5,0.722,1,128,mobile_android,LOW,0,0,0,0,0.0
pay_tx_100067,cust_1339,1360.79,INR,DEBIT_CARD,KOTAK,1,6,incorrect_pin,CUSTOMER_CORRECTABLE,24,2,0.923,1,1019,web_mobile,MEDIUM,1,1,0,1,1360.79
pay_tx_100068,cust_9056,199.0,INR,UPI,AXIS,11,3,authentication_failed,CUSTOMER_CORRECTABLE,10,5,0.667,1,169,mobile_ios,LOW,0,1,0,1,199.0
pay_tx_100069,cust_1601,6679.11,INR,NET_BANKING,HDFC,10,2,authentication_failed,CUSTOMER_CORRECTABLE,10,1,0.909,3,135,web_mobile,MEDIUM,0,1,0,1,6679.11
pay_tx_100070,cust_8569,4086.8,INR,NET_BANKING,HDFC,6,4,incorrect_pin,CUSTOMER_CORRECTABLE,11,7,0.611,1,258,mobile_android,LOW,1,0,1,1,4086.8
pay_tx_100071,cust_8941,827.23,INR,UPI,HDFC,20,4,bank_down,TEMPORARY_INFRASTRUCTURE,25,3,0.893,2,27,web_desktop,LOW,1,1,0,1,827.23
pay_tx_100072,cust_2858,2261.41,INR,NET_BANKING,HDFC,20,6,insufficient_funds,INSUFFICIENT_FUNDS,4,7,0.364,3,125,web_desktop,LOW,1,0,0,1,2261.41
pay_tx_100073,cust_4993,1575.48,INR,NET_BANKING,KOTAK,4,3,fraud_suspected,RISK_RELATED,6,8,0.429,2,361,mobile_ios,HIGH,0,0,0,0,0.0
pay_tx_100074,cust_9318,5109.75,INR,DEBIT_CARD,YES_BANK,0,2,incorrect_pin,CUSTOMER_CORRECTABLE,23,4,0.852,2,168,web_mobile,MEDIUM,1,1,1,1,5109.75
pay_tx_100075,cust_9903,825.51,INR,NET_BANKING,AXIS,10,6,bank_down,TEMPORARY_INFRASTRUCTURE,6,3,0.667,1,76,mobile_ios,MEDIUM,1,1,1,1,825.51
pay_tx_100076,cust_7246,5439.46,INR,NET_BANKING,PAYTM_BANK,20,1,card_expired,PAYMENT_METHOD_PROBLEM,15,0,1.0,1,927,web_desktop,MEDIUM,0,1,1,1,5439.46
pay_tx_100077,cust_8486,6241.39,INR,UPI,PAYTM_BANK,4,3,insufficient_funds,INSUFFICIENT_FUNDS,20,2,0.909,1,584,web_desktop,LOW,0,1,0,1,6241.39
pay_tx_100078,cust_9742,773.4,INR,NET_BANKING,SBI,20,5,incorrect_pin,CUSTOMER_CORRECTABLE,24,7,0.774,2,346,mobile_android,LOW,1,1,1,1,773.4
pay_tx_100079,cust_4727,4580.49,INR,UPI,AXIS,3,6,incorrect_pin,CUSTOMER_CORRECTABLE,20,1,0.952,1,99,web_desktop,MEDIUM,1,1,1,1,4580.49
pay_tx_100080,cust_7141,12821.69,INR,NET_BANKING,ICICI,7,4,bank_down,TEMPORARY_INFRASTRUCTURE,13,2,0.867,1,62,mobile_android,LOW,1,1,1,1,12821.69
pay_tx_100081,cust_3344,10193.73,INR,CREDIT_CARD,AXIS,20,2,authentication_failed,CUSTOMER_CORRECTABLE,14,4,0.778,1,62,web_mobile,MEDIUM,1,1,1,1,10193.73
pay_tx_100082,cust_6661,556.79,INR,WALLET,SBI,20,3,incorrect_pin,CUSTOMER_CORRECTABLE,22,4,0.846,1,350,web_desktop,LOW,1,1,1,1,556.79
pay_tx_100083,cust_6881,1966.01,INR,WALLET,SBI,22,2,balance_low,INSUFFICIENT_FUNDS,0,6,0.0,1,182,mobile_android,MEDIUM,0,0,0,0,0.0
pay_tx_100084,cust_4770,12127.37,INR,WALLET,YES_BANK,11,1,insufficient_funds,INSUFFICIENT_FUNDS,20,3,0.87,1,78,mobile_ios,LOW,0,1,1,1,12127.37
pay_tx_100085,cust_8222,1506.97,INR,UPI,KOTAK,11,5,fraud_suspected,RISK_RELATED,4,1,0.8,3,382,web_desktop,CRITICAL,0,0,0,0,0.0
pay_tx_100086,cust_6994,2533.08,INR,WALLET,KOTAK,8,6,incorrect_pin,CUSTOMER_CORRECTABLE,5,4,0.556,3,147,web_mobile,HIGH,0,0,0,0,0.0
pay_tx_100087,cust_8673,891.37,INR,UPI,ICICI,7,6,incorrect_pin,CUSTOMER_CORRECTABLE,21,6,0.778,3,453,web_desktop,LOW,1,1,1,1,891.37
pay_tx_100088,cust_7038,5321.55,INR,DEBIT_CARD,KOTAK,12,6,card_expired,PAYMENT_METHOD_PROBLEM,20,5,0.8,1,314,mobile_ios,LOW,0,0,1,1,5321.55
pay_tx_100089,cust_4626,668.61,INR,UPI,PAYTM_BANK,14,5,card_expired,PAYMENT_METHOD_PROBLEM,9,6,0.6,1,156,mobile_android,MEDIUM,1,1,1,1,668.61
pay_tx_100090,cust_9807,1763.26,INR,CREDIT_CARD,AXIS,14,2,insufficient_funds,INSUFFICIENT_FUNDS,21,8,0.724,1,273,mobile_ios,MEDIUM,0,0,0,0,0.0
pay_tx_100091,cust_5583,3486.02,INR,UPI,PAYTM_BANK,11,1,gateway_timeout,TEMPORARY_INFRASTRUCTURE,14,7,0.667,3,212,web_desktop,LOW,0,1,0,1,3486.02
pay_tx_100092,cust_6876,4868.3,INR,UPI,AXIS,8,1,incorrect_pin,CUSTOMER_CORRECTABLE,3,7,0.3,1,442,mobile_ios,LOW,0,1,0,1,4868.3
pay_tx_100093,cust_4990,8660.91,INR,CREDIT_CARD,YES_BANK,18,1,insufficient_funds,INSUFFICIENT_FUNDS,2,8,0.2,1,254,mobile_ios,MEDIUM,1,0,0,1,8660.91
pay_tx_100094,cust_1046,2667.77,INR,DEBIT_CARD,YES_BANK,4,1,fraud_suspected,RISK_RELATED,17,4,0.81,2,225,mobile_android,HIGH,0,0,0,0,0.0
pay_tx_100095,cust_6304,677.31,INR,UPI,ICICI,8,0,insufficient_funds,INSUFFICIENT_FUNDS,4,6,0.4,1,913,mobile_android,LOW,0,1,1,1,677.31
pay_tx_100096,cust_9254,7257.08,INR,CREDIT_CARD,KOTAK,1,5,card_expired,PAYMENT_METHOD_PROBLEM,25,8,0.758,1,436,mobile_android,LOW,1,1,0,1,7257.08
pay_tx_100097,cust_9032,1781.67,INR,NET_BANKING,HDFC,2,2,incorrect_pin,CUSTOMER_CORRECTABLE,19,2,0.905,1,113,web_desktop,LOW,1,1,1,1,1781.67
pay_tx_100098,cust_9692,5826.34,INR,DEBIT_CARD,AXIS,16,4,insufficient_funds,INSUFFICIENT_FUNDS,13,1,0.929,2,222,mobile_android,MEDIUM,0,0,0,0,0.0
pay_tx_100099,cust_4522,2967.63,INR,NET_BANKING,AXIS,7,3,authentication_failed,CUSTOMER_CORRECTABLE,10,7,0.588,1,155,mobile_android,LOW,1,1,0,1,2967.63
pay_tx_100100,cust_8770,2425.9,INR,UPI,HDFC,2,0,incorrect_pin,CUSTOMER_CORRECTABLE,13,1,0.929,2,164,web_desktop,MEDIUM,1,1,1,1,2425.9
pay_tx_100101,cust_6400,1027.37,INR,UPI,AXIS,11,6,incorrect_pin,CUSTOMER_CORRECTABLE,21,6,0.778,2,297,mobile_android,HIGH,0,0,0,0,0.0
pay_tx_100102,cust_4485,318.08,INR,CREDIT_CARD,PAYTM_BANK,15,1,gateway_timeout,TEMPORARY_INFRASTRUCTURE,3,5,0.375,2,64,web_desktop,LOW,1,1,1,1,318.08
pay_tx_100103,cust_1430,763.46,INR,WALLET,PAYTM_BANK,22,2,card_expired,PAYMENT_METHOD_PROBLEM,0,2,0.0,1,210,web_desktop,MEDIUM,1,1,1,1,763.46
pay_tx_100104,cust_7566,5060.35,INR,UPI,ICICI,23,5,incorrect_pin,CUSTOMER_CORRECTABLE,0,1,0.0,2,220,mobile_ios,LOW,0,1,1,1,5060.35
pay_tx_100105,cust_6314,1768.32,INR,WALLET,KOTAK,2,0,incorrect_pin,CUSTOMER_CORRECTABLE,4,2,0.667,2,198,mobile_android,LOW,1,1,1,1,1768.32
pay_tx_100106,cust_8242,2663.14,INR,NET_BANKING,SBI,6,6,card_expired,PAYMENT_METHOD_PROBLEM,16,1,0.941,1,121,mobile_android,LOW,0,1,0,1,2663.14
pay_tx_100107,cust_1744,1586.82,INR,CREDIT_CARD,AXIS,19,0,insufficient_funds,INSUFFICIENT_FUNDS,0,3,0.0,1,336,mobile_ios,MEDIUM,0,1,1,1,1586.82
pay_tx_100108,cust_9149,2365.89,INR,NET_BANKING,ICICI,4,3,incorrect_pin,CUSTOMER_CORRECTABLE,17,3,0.85,1,252,web_desktop,LOW,0,1,1,1,2365.89
pay_tx_100109,cust_2275,1862.01,INR,DEBIT_CARD,KOTAK,13,4,bank_down,TEMPORARY_INFRASTRUCTURE,12,6,0.667,1,359,web_mobile,LOW,1,1,0,1,1862.01
pay_tx_100110,cust_6928,23952.28,INR,UPI,AXIS,3,1,authentication_failed,CUSTOMER_CORRECTABLE,13,6,0.684,1,128,web_mobile,MEDIUM,0,1,0,1,23952.28
pay_tx_100111,cust_2251,25028.33,INR,WALLET,PAYTM_BANK,3,4,insufficient_funds,INSUFFICIENT_FUNDS,16,3,0.842,3,123,web_desktop,HIGH,0,0,0,0,0.0
pay_tx_100112,cust_4871,199.0,INR,UPI,ICICI,8,1,authentication_failed,CUSTOMER_CORRECTABLE,5,2,0.714,2,161,mobile_android,LOW,0,1,0,1,199.0
pay_tx_100113,cust_8354,2724.68,INR,WALLET,PAYTM_BANK,20,4,insufficient_funds,INSUFFICIENT_FUNDS,10,5,0.667,1,817,mobile_android,LOW,0,0,0,0,0.0
pay_tx_100114,cust_6766,615.17,INR,WALLET,HDFC,9,3,balance_low,INSUFFICIENT_FUNDS,14,0,1.0,1,357,web_desktop,LOW,0,0,0,0,0.0
pay_tx_100115,cust_9307,370.82,INR,NET_BANKING,AXIS,18,4,balance_low,INSUFFICIENT_FUNDS,25,0,1.0,1,798,mobile_ios,LOW,1,1,1,1,370.82
pay_tx_100116,cust_2695,7445.22,INR,DEBIT_CARD,PAYTM_BANK,2,4,risk_declined,RISK_RELATED,20,2,0.909,1,169,web_mobile,CRITICAL,0,0,0,0,0.0
pay_tx_100117,cust_5634,231.42,INR,NET_BANKING,AXIS,10,5,fraud_suspected,RISK_RELATED,19,0,1.0,2,614,web_desktop,HIGH,0,0,0,0,0.0
pay_tx_100118,cust_5128,1575.85,INR,WALLET,YES_BANK,4,2,insufficient_funds,INSUFFICIENT_FUNDS,2,2,0.5,3,574,web_desktop,HIGH,0,0,0,0,0.0
pay_tx_100119,cust_2388,1819.46,INR,DEBIT_CARD,KOTAK,12,5,card_expired,PAYMENT_METHOD_PROBLEM,25,5,0.833,2,259,mobile_android,LOW,1,1,1,1,1819.46
pay_tx_100120,cust_3953,1053.55,INR,CREDIT_CARD,SBI,15,1,insufficient_funds,INSUFFICIENT_FUNDS,7,2,0.778,1,391,web_desktop,MEDIUM,1,0,0,1,1053.55
pay_tx_100121,cust_9626,2088.82,INR,UPI,PAYTM_BANK,10,6,insufficient_funds,INSUFFICIENT_FUNDS,19,2,0.905,1,363,mobile_ios,LOW,0,1,0,1,2088.82
pay_tx_100122,cust_3712,286.88,INR,NET_BANKING,HDFC,13,2,incorrect_pin,CUSTOMER_CORRECTABLE,21,3,0.875,3,588,web_desktop,MEDIUM,0,1,1,1,286.88
pay_tx_100123,cust_8684,11630.46,INR,CREDIT_CARD,SBI,21,4,authentication_failed,CUSTOMER_CORRECTABLE,14,7,0.667,2,273,web_mobile,LOW,1,1,1,1,11630.46
pay_tx_100124,cust_3267,21437.51,INR,DEBIT_CARD,HDFC,20,3,customer_cancelled,CUSTOMER_ABANDONMENT,11,8,0.579,3,767,mobile_android,LOW,0,1,0,1,21437.51
pay_tx_100125,cust_3414,3922.37,INR,NET_BANKING,HDFC,7,6,bank_down,TEMPORARY_INFRASTRUCTURE,14,5,0.737,3,619,web_mobile,LOW,1,1,0,1,3922.37
pay_tx_100126,cust_7142,6438.88,INR,CREDIT_CARD,HDFC,10,0,insufficient_funds,INSUFFICIENT_FUNDS,22,5,0.815,2,40,mobile_ios,LOW,0,1,0,1,6438.88
pay_tx_100127,cust_8685,1308.6,INR,NET_BANKING,KOTAK,0,0,authentication_failed,CUSTOMER_CORRECTABLE,0,4,0.0,1,416,mobile_ios,LOW,0,1,1,1,1308.6
pay_tx_100128,cust_5720,12763.42,INR,CREDIT_CARD,SBI,3,0,customer_cancelled,CUSTOMER_ABANDONMENT,7,6,0.538,1,66,web_mobile,LOW,0,0,0,0,0.0
pay_tx_100129,cust_9443,234.15,INR,WALLET,ICICI,22,1,insufficient_funds,INSUFFICIENT_FUNDS,9,6,0.6,1,239,web_desktop,LOW,1,0,1,1,234.15
pay_tx_100130,cust_6908,199.0,INR,UPI,KOTAK,17,4,bank_down,TEMPORARY_INFRASTRUCTURE,25,8,0.758,1,233,web_mobile,MEDIUM,1,1,1,1,199.0
pay_tx_100131,cust_1266,2807.13,INR,DEBIT_CARD,YES_BANK,2,2,incorrect_pin,CUSTOMER_CORRECTABLE,7,1,0.875,2,108,web_desktop,LOW,1,1,0,1,2807.13
pay_tx_100132,cust_8612,1677.04,INR,NET_BANKING,PAYTM_BANK,5,6,bank_down,TEMPORARY_INFRASTRUCTURE,4,1,0.8,2,484,web_mobile,LOW,1,1,0,1,1677.04
pay_tx_100133,cust_6170,956.89,INR,DEBIT_CARD,KOTAK,12,6,incorrect_pin,CUSTOMER_CORRECTABLE,17,7,0.708,1,125,mobile_ios,LOW,0,1,0,1,956.89
pay_tx_100134,cust_5476,1590.12,INR,UPI,YES_BANK,11,3,incorrect_pin,CUSTOMER_CORRECTABLE,12,7,0.632,2,98,web_mobile,LOW,1,1,1,1,1590.12
pay_tx_100135,cust_9507,19104.33,INR,DEBIT_CARD,YES_BANK,2,5,incorrect_pin,CUSTOMER_CORRECTABLE,13,1,0.929,1,256,mobile_ios,LOW,1,1,1,1,19104.33
pay_tx_100136,cust_6021,780.81,INR,NET_BANKING,KOTAK,22,3,customer_cancelled,CUSTOMER_ABANDONMENT,5,7,0.417,1,293,mobile_android,LOW,0,0,0,0,0.0
pay_tx_100137,cust_1939,1580.04,INR,UPI,PAYTM_BANK,20,3,gateway_timeout,TEMPORARY_INFRASTRUCTURE,11,8,0.579,2,209,mobile_ios,HIGH,0,0,0,0,0.0
pay_tx_100138,cust_1570,956.61,INR,CREDIT_CARD,HDFC,7,6,insufficient_funds,INSUFFICIENT_FUNDS,20,5,0.8,1,154,mobile_android,LOW,0,0,1,1,956.61
pay_tx_100139,cust_2259,293.47,INR,WALLET,ICICI,16,2,insufficient_funds,INSUFFICIENT_FUNDS,12,5,0.706,1,619,mobile_ios,HIGH,0,0,0,0,0.0
pay_tx_100140,cust_2929,3611.46,INR,DEBIT_CARD,YES_BANK,8,5,authentication_failed,CUSTOMER_CORRECTABLE,14,3,0.824,3,315,web_desktop,LOW,0,1,1,1,3611.46
pay_tx_100141,cust_2213,1550.76,INR,NET_BANKING,ICICI,22,3,authentication_failed,CUSTOMER_CORRECTABLE,2,5,0.286,1,106,mobile_android,LOW,1,1,1,1,1550.76
pay_tx_100142,cust_3852,729.51,INR,DEBIT_CARD,KOTAK,7,0,incorrect_pin,CUSTOMER_CORRECTABLE,6,2,0.75,1,63,web_mobile,LOW,1,1,0,1,729.51
pay_tx_100143,cust_3126,832.23,INR,WALLET,HDFC,2,2,incorrect_pin,CUSTOMER_CORRECTABLE,12,7,0.632,1,93,web_mobile,MEDIUM,1,0,0,1,832.23
pay_tx_100144,cust_8372,13692.04,INR,NET_BANKING,PAYTM_BANK,16,2,card_expired,PAYMENT_METHOD_PROBLEM,4,8,0.333,1,462,mobile_ios,MEDIUM,1,1,0,1,13692.04
pay_tx_100145,cust_3034,1983.94,INR,WALLET,ICICI,9,1,authentication_failed,CUSTOMER_CORRECTABLE,5,5,0.5,3,117,mobile_ios,LOW,0,0,0,0,0.0
pay_tx_100146,cust_5105,520.77,INR,CREDIT_CARD,PAYTM_BANK,17,2,insufficient_funds,INSUFFICIENT_FUNDS,4,4,0.5,1,214,mobile_android,LOW,1,0,1,1,520.77
pay_tx_100147,cust_6531,5494.01,INR,WALLET,HDFC,0,0,insufficient_funds,INSUFFICIENT_FUNDS,1,4,0.2,1,65,web_mobile,LOW,1,0,0,1,5494.01
pay_tx_100148,cust_5949,3553.06,INR,NET_BANKING,ICICI,21,3,incorrect_pin,CUSTOMER_CORRECTABLE,9,7,0.562,1,143,mobile_android,LOW,1,1,1,1,3553.06
pay_tx_100149,cust_3353,1007.72,INR,DEBIT_CARD,YES_BANK,22,2,insufficient_funds,INSUFFICIENT_FUNDS,23,5,0.821,3,259,mobile_ios,MEDIUM,0,1,1,1,1007.72
pay_tx_100150,cust_3007,667.05,INR,DEBIT_CARD,AXIS,7,1,risk_declined,RISK_RELATED,3,0,1.0,1,206,web_mobile,CRITICAL,0,0,0,0,0.0
pay_tx_100151,cust_6364,608.46,INR,WALLET,PAYTM_BANK,10,1,customer_cancelled,CUSTOMER_ABANDONMENT,24,2,0.923,1,154,web_mobile,LOW,0,1,0,1,608.46
pay_tx_100152,cust_9281,4475.93,INR,NET_BANKING,ICICI,6,4,bank_down,TEMPORARY_INFRASTRUCTURE,11,0,1.0,1,269,web_mobile,LOW,0,1,1,1,4475.93
pay_tx_100153,cust_1133,4454.48,INR,UPI,AXIS,4,2,insufficient_funds,INSUFFICIENT_FUNDS,23,5,0.821,2,142,web_desktop,LOW,1,1,1,1,4454.48
pay_tx_100154,cust_5728,3585.73,INR,UPI,AXIS,16,3,insufficient_funds,INSUFFICIENT_FUNDS,24,8,0.75,1,48,mobile_android,LOW,1,1,0,1,3585.73
pay_tx_100155,cust_6990,1915.44,INR,CREDIT_CARD,ICICI,19,4,authentication_failed,CUSTOMER_CORRECTABLE,12,8,0.6,1,395,mobile_android,LOW,1,1,1,1,1915.44
pay_tx_100156,cust_9446,246.21,INR,CREDIT_CARD,SBI,19,2,authentication_failed,CUSTOMER_CORRECTABLE,5,6,0.455,3,143,web_desktop,LOW,1,1,0,1,246.21
pay_tx_100157,cust_5911,1913.86,INR,NET_BANKING,YES_BANK,0,2,incorrect_pin,CUSTOMER_CORRECTABLE,10,1,0.909,3,499,web_desktop,MEDIUM,0,1,1,1,1913.86
pay_tx_100158,cust_8775,904.81,INR,DEBIT_CARD,PAYTM_BANK,18,4,bank_down,TEMPORARY_INFRASTRUCTURE,7,0,1.0,1,367,mobile_ios,LOW,0,1,1,1,904.81
pay_tx_100159,cust_4968,10197.34,INR,UPI,KOTAK,22,0,insufficient_funds,INSUFFICIENT_FUNDS,6,0,1.0,1,379,web_mobile,LOW,0,1,0,1,10197.34
pay_tx_100160,cust_8726,1417.07,INR,UPI,PAYTM_BANK,4,4,fraud_suspected,RISK_RELATED,6,8,0.429,1,328,web_mobile,CRITICAL,0,0,0,0,0.0
pay_tx_100161,cust_6608,875.87,INR,WALLET,SBI,21,6,incorrect_pin,CUSTOMER_CORRECTABLE,23,4,0.852,1,267,mobile_ios,HIGH,0,0,0,0,0.0
pay_tx_100162,cust_5876,1499.95,INR,DEBIT_CARD,PAYTM_BANK,6,5,gateway_timeout,TEMPORARY_INFRASTRUCTURE,22,7,0.759,1,321,web_desktop,LOW,0,1,1,1,1499.95
pay_tx_100163,cust_9899,1102.95,INR,NET_BANKING,AXIS,11,6,incorrect_pin,CUSTOMER_CORRECTABLE,25,2,0.926,1,334,web_desktop,HIGH,0,0,0,0,0.0
pay_tx_100164,cust_8849,1090.97,INR,CREDIT_CARD,ICICI,17,2,authentication_failed,CUSTOMER_CORRECTABLE,17,4,0.81,1,459,mobile_ios,LOW,1,1,0,1,1090.97
pay_tx_100165,cust_1860,1222.64,INR,UPI,AXIS,10,5,gateway_timeout,TEMPORARY_INFRASTRUCTURE,15,1,0.938,1,26,mobile_ios,LOW,1,0,1,1,1222.64
pay_tx_100166,cust_8793,539.31,INR,NET_BANKING,PAYTM_BANK,6,6,insufficient_funds,INSUFFICIENT_FUNDS,9,5,0.643,1,253,mobile_android,MEDIUM,1,1,0,1,539.31
pay_tx_100167,cust_1611,13517.29,INR,CREDIT_CARD,AXIS,5,0,customer_cancelled,CUSTOMER_ABANDONMENT,12,7,0.632,1,447,web_desktop,MEDIUM,1,0,1,1,13517.29
pay_tx_100168,cust_6489,199.0,INR,DEBIT_CARD,AXIS,20,4,bank_down,TEMPORARY_INFRASTRUCTURE,16,7,0.696,2,59,mobile_ios,MEDIUM,1,1,1,1,199.0
pay_tx_100169,cust_3662,7133.13,INR,NET_BANKING,PAYTM_BANK,8,5,card_expired,PAYMENT_METHOD_PROBLEM,5,0,1.0,2,393,web_desktop,LOW,0,1,0,1,7133.13
pay_tx_100170,cust_7643,27579.59,INR,NET_BANKING,KOTAK,10,0,card_expired,PAYMENT_METHOD_PROBLEM,12,1,0.923,1,171,mobile_ios,HIGH,0,0,0,0,0.0
pay_tx_100171,cust_4858,652.09,INR,NET_BANKING,YES_BANK,8,2,card_expired,PAYMENT_METHOD_PROBLEM,9,0,1.0,1,264,web_desktop,LOW,1,1,1,1,652.09
pay_tx_100172,cust_7642,1019.24,INR,WALLET,PAYTM_BANK,9,5,customer_cancelled,CUSTOMER_ABANDONMENT,3,4,0.429,1,509,mobile_ios,LOW,1,1,0,1,1019.24
pay_tx_100173,cust_7121,980.42,INR,NET_BANKING,PAYTM_BANK,17,3,gateway_timeout,TEMPORARY_INFRASTRUCTURE,24,8,0.75,2,201,mobile_ios,MEDIUM,0,1,0,1,980.42
pay_tx_100174,cust_9609,558.63,INR,NET_BANKING,KOTAK,22,2,incorrect_pin,CUSTOMER_CORRECTABLE,2,1,0.667,1,427,mobile_ios,LOW,1,1,1,1,558.63
pay_tx_100175,cust_2904,597.89,INR,CREDIT_CARD,PAYTM_BANK,18,3,bank_down,TEMPORARY_INFRASTRUCTURE,2,8,0.2,1,338,mobile_android,LOW,1,1,1,1,597.89
pay_tx_100176,cust_8575,17191.24,INR,DEBIT_CARD,PAYTM_BANK,0,3,insufficient_funds,INSUFFICIENT_FUNDS,8,0,1.0,2,39,mobile_android,LOW,1,1,0,1,17191.24
pay_tx_100177,cust_2130,10886.22,INR,NET_BANKING,HDFC,9,3,balance_low,INSUFFICIENT_FUNDS,5,2,0.714,2,308,web_mobile,LOW,0,1,0,1,10886.22
pay_tx_100178,cust_7184,468.44,INR,NET_BANKING,HDFC,21,5,authentication_failed,CUSTOMER_CORRECTABLE,17,2,0.895,1,271,web_desktop,LOW,0,1,1,1,468.44
pay_tx_100179,cust_4648,4319.61,INR,UPI,YES_BANK,0,2,balance_low,INSUFFICIENT_FUNDS,14,8,0.636,1,126,web_mobile,MEDIUM,1,1,1,1,4319.61
pay_tx_100180,cust_2848,3183.58,INR,UPI,YES_BANK,21,3,authentication_failed,CUSTOMER_CORRECTABLE,19,0,1.0,1,702,mobile_android,LOW,1,1,0,1,3183.58
pay_tx_100181,cust_1797,979.01,INR,CREDIT_CARD,PAYTM_BANK,1,3,balance_low,INSUFFICIENT_FUNDS,14,3,0.824,1,103,mobile_android,LOW,0,1,0,1,979.01
pay_tx_100182,cust_6224,1554.73,INR,WALLET,KOTAK,21,6,gateway_timeout,TEMPORARY_INFRASTRUCTURE,10,3,0.769,1,260,mobile_ios,HIGH,0,0,0,0,0.0
pay_tx_100183,cust_3869,6721.25,INR,NET_BANKING,KOTAK,15,0,insufficient_funds,INSUFFICIENT_FUNDS,11,6,0.647,2,220,web_desktop,LOW,1,1,1,1,6721.25
pay_tx_100184,cust_9813,1083.27,INR,NET_BANKING,ICICI,7,2,incorrect_pin,CUSTOMER_CORRECTABLE,22,2,0.917,2,100,mobile_android,LOW,0,1,1,1,1083.27
pay_tx_100185,cust_4978,248.18,INR,DEBIT_CARD,ICICI,10,5,balance_low,INSUFFICIENT_FUNDS,2,7,0.222,2,74,mobile_android,LOW,0,1,0,1,248.18
pay_tx_100186,cust_1647,382.19,INR,UPI,ICICI,18,5,insufficient_funds,INSUFFICIENT_FUNDS,21,8,0.724,1,203,mobile_ios,MEDIUM,1,0,1,1,382.19
pay_tx_100187,cust_4113,297.74,INR,UPI,PAYTM_BANK,15,1,incorrect_pin,CUSTOMER_CORRECTABLE,22,3,0.88,1,239,mobile_ios,LOW,0,1,1,1,297.74
pay_tx_100188,cust_6886,16626.4,INR,DEBIT_CARD,SBI,11,4,incorrect_pin,CUSTOMER_CORRECTABLE,15,7,0.682,1,537,web_mobile,MEDIUM,1,1,1,1,16626.4
pay_tx_100189,cust_1749,1309.41,INR,WALLET,YES_BANK,7,5,incorrect_pin,CUSTOMER_CORRECTABLE,4,0,1.0,1,1152,web_mobile,LOW,1,1,1,1,1309.41
pay_tx_100190,cust_5026,1941.2,INR,NET_BANKING,KOTAK,20,5,card_expired,PAYMENT_METHOD_PROBLEM,10,4,0.714,2,290,web_mobile,HIGH,0,0,0,0,0.0
pay_tx_100191,cust_6770,1520.46,INR,CREDIT_CARD,ICICI,23,4,incorrect_pin,CUSTOMER_CORRECTABLE,15,2,0.882,3,243,mobile_android,LOW,0,1,0,1,1520.46
pay_tx_100192,cust_1794,941.89,INR,UPI,AXIS,4,6,incorrect_pin,CUSTOMER_CORRECTABLE,20,3,0.87,1,203,mobile_ios,LOW,1,1,0,1,941.89
pay_tx_100193,cust_8916,10990.56,INR,NET_BANKING,HDFC,0,4,insufficient_funds,INSUFFICIENT_FUNDS,17,6,0.739,1,577,web_desktop,LOW,1,1,0,1,10990.56
pay_tx_100194,cust_8054,199.0,INR,CREDIT_CARD,HDFC,3,4,incorrect_pin,CUSTOMER_CORRECTABLE,4,3,0.571,1,64,web_desktop,MEDIUM,1,1,1,1,199.0
pay_tx_100195,cust_7652,710.96,INR,NET_BANKING,KOTAK,7,5,insufficient_funds,INSUFFICIENT_FUNDS,7,4,0.636,1,478,mobile_android,LOW,0,0,1,1,710.96
pay_tx_100196,cust_7213,8315.41,INR,NET_BANKING,KOTAK,15,0,insufficient_funds,INSUFFICIENT_FUNDS,20,0,1.0,2,417,mobile_android,LOW,1,0,0,1,8315.41
pay_tx_100197,cust_2562,466.44,INR,WALLET,HDFC,7,1,incorrect_pin,CUSTOMER_CORRECTABLE,22,7,0.759,1,161,mobile_android,LOW,1,1,0,1,466.44
pay_tx_100198,cust_3938,3252.73,INR,DEBIT_CARD,HDFC,6,4,insufficient_funds,INSUFFICIENT_FUNDS,4,6,0.4,3,206,web_desktop,LOW,1,0,0,1,3252.73
pay_tx_100199,cust_9856,1153.11,INR,DEBIT_CARD,AXIS,23,1,gateway_timeout,TEMPORARY_INFRASTRUCTURE,25,1,0.962,1,186,web_desktop,LOW,1,0,1,1,1153.11
pay_tx_100200,cust_7499,7267.7,INR,DEBIT_CARD,HDFC,20,2,incorrect_pin,CUSTOMER_CORRECTABLE,25,7,0.781,1,383,web_desktop,LOW,1,1,1,1,7267.7
pay_tx_100201,cust_7227,1247.06,INR,UPI,YES_BANK,19,2,incorrect_pin,CUSTOMER_CORRECTABLE,25,3,0.893,2,318,mobile_android,LOW,1,1,1,1,1247.06
pay_tx_100202,cust_7383,402.89,INR,DEBIT_CARD,SBI,3,0,customer_cancelled,CUSTOMER_ABANDONMENT,0,4,0.0,1,161,web_desktop,LOW,1,0,0,1,402.89
pay_tx_100203,cust_9395,6366.54,INR,NET_BANKING,HDFC,0,0,insufficient_funds,INSUFFICIENT_FUNDS,11,8,0.579,1,53,web_desktop,MEDIUM,1,1,0,1,6366.54
pay_tx_100204,cust_4977,3741.39,INR,WALLET,KOTAK,5,5,insufficient_funds,INSUFFICIENT_FUNDS,12,2,0.857,1,24,web_desktop,LOW,1,1,1,1,3741.39
pay_tx_100205,cust_5911,13845.94,INR,NET_BANKING,YES_BANK,2,2,balance_low,INSUFFICIENT_FUNDS,8,3,0.727,2,158,web_mobile,LOW,1,1,1,1,13845.94
pay_tx_100206,cust_7483,2918.9,INR,DEBIT_CARD,YES_BANK,19,3,authentication_failed,CUSTOMER_CORRECTABLE,25,5,0.833,1,272,web_mobile,MEDIUM,0,0,1,1,2918.9
pay_tx_100207,cust_6253,2165.4,INR,WALLET,PAYTM_BANK,6,3,incorrect_pin,CUSTOMER_CORRECTABLE,10,2,0.833,3,314,web_desktop,LOW,0,1,0,1,2165.4
pay_tx_100208,cust_4971,232.25,INR,DEBIT_CARD,AXIS,8,6,insufficient_funds,INSUFFICIENT_FUNDS,25,6,0.806,1,284,mobile_ios,LOW,0,1,0,1,232.25
pay_tx_100209,cust_8563,1449.86,INR,CREDIT_CARD,AXIS,9,6,authentication_failed,CUSTOMER_CORRECTABLE,22,1,0.957,2,159,web_mobile,LOW,1,1,1,1,1449.86
pay_tx_100210,cust_3525,710.55,INR,NET_BANKING,YES_BANK,12,0,balance_low,INSUFFICIENT_FUNDS,14,7,0.667,1,289,web_mobile,LOW,0,1,0,1,710.55
pay_tx_100211,cust_9796,558.89,INR,WALLET,PAYTM_BANK,2,0,authentication_failed,CUSTOMER_CORRECTABLE,24,3,0.889,1,506,web_desktop,LOW,1,1,0,1,558.89
pay_tx_100212,cust_7547,3187.9,INR,DEBIT_CARD,YES_BANK,13,0,incorrect_pin,CUSTOMER_CORRECTABLE,0,1,0.0,1,302,mobile_ios,LOW,1,0,0,1,3187.9
pay_tx_100213,cust_9199,5879.51,INR,CREDIT_CARD,SBI,0,3,bank_down,TEMPORARY_INFRASTRUCTURE,3,4,0.429,1,36,mobile_android,LOW,0,1,1,1,5879.51
pay_tx_100214,cust_8460,389.36,INR,CREDIT_CARD,KOTAK,15,2,incorrect_pin,CUSTOMER_CORRECTABLE,15,1,0.938,1,364,web_mobile,LOW,1,1,1,1,389.36
pay_tx_100215,cust_6620,756.81,INR,UPI,PAYTM_BANK,5,5,authentication_failed,CUSTOMER_CORRECTABLE,7,8,0.467,1,149,mobile_ios,LOW,1,1,0,1,756.81
pay_tx_100216,cust_4022,334.29,INR,CREDIT_CARD,PAYTM_BANK,21,3,insufficient_funds,INSUFFICIENT_FUNDS,12,0,1.0,2,104,mobile_ios,LOW,1,1,1,1,334.29
pay_tx_100217,cust_5560,6402.03,INR,UPI,KOTAK,3,6,authentication_failed,CUSTOMER_CORRECTABLE,17,2,0.895,1,358,mobile_ios,LOW,1,1,1,1,6402.03
pay_tx_100218,cust_6134,2257.03,INR,WALLET,AXIS,19,3,incorrect_pin,CUSTOMER_CORRECTABLE,18,1,0.947,1,154,web_mobile,LOW,0,1,1,1,2257.03
pay_tx_100219,cust_2388,2093.12,INR,CREDIT_CARD,SBI,3,1,authentication_failed,CUSTOMER_CORRECTABLE,9,1,0.9,1,545,mobile_ios,LOW,1,1,1,1,2093.12
pay_tx_100220,cust_4043,777.58,INR,NET_BANKING,PAYTM_BANK,17,5,incorrect_pin,CUSTOMER_CORRECTABLE,20,2,0.909,1,243,web_mobile,LOW,1,1,1,1,777.58
pay_tx_100221,cust_6882,15137.96,INR,UPI,AXIS,4,1,insufficient_funds,INSUFFICIENT_FUNDS,12,8,0.6,1,413,web_mobile,LOW,0,0,1,1,15137.96
pay_tx_100222,cust_3740,920.61,INR,UPI,KOTAK,0,6,bank_down,TEMPORARY_INFRASTRUCTURE,24,3,0.889,1,390,web_desktop,LOW,1,1,0,1,920.61
pay_tx_100223,cust_9115,274.71,INR,WALLET,KOTAK,3,4,incorrect_pin,CUSTOMER_CORRECTABLE,3,4,0.429,2,235,web_desktop,LOW,0,0,1,1,274.71
pay_tx_100224,cust_4580,3807.8,INR,NET_BANKING,HDFC,23,6,authentication_failed,CUSTOMER_CORRECTABLE,20,3,0.87,1,331,mobile_android,LOW,1,1,1,1,3807.8
pay_tx_100225,cust_2923,3761.99,INR,CREDIT_CARD,ICICI,23,4,bank_down,TEMPORARY_INFRASTRUCTURE,22,5,0.815,2,448,web_mobile,LOW,1,1,1,1,3761.99
pay_tx_100226,cust_1972,3136.98,INR,WALLET,SBI,17,2,authentication_failed,CUSTOMER_CORRECTABLE,19,8,0.704,1,342,web_desktop,LOW,1,0,0,1,3136.98
pay_tx_100227,cust_2560,2319.77,INR,CREDIT_CARD,YES_BANK,13,0,authentication_failed,CUSTOMER_CORRECTABLE,8,2,0.8,2,93,mobile_ios,LOW,0,1,0,1,2319.77
pay_tx_100228,cust_7434,6398.27,INR,NET_BANKING,ICICI,18,5,fraud_suspected,RISK_RELATED,8,6,0.571,1,242,mobile_android,HIGH,0,0,0,0,0.0
pay_tx_100229,cust_7046,4096.14,INR,NET_BANKING,AXIS,10,4,gateway_timeout,TEMPORARY_INFRASTRUCTURE,0,1,0.0,2,479,web_mobile,LOW,0,0,0,0,0.0
pay_tx_100230,cust_7516,973.35,INR,CREDIT_CARD,AXIS,6,3,authentication_failed,CUSTOMER_CORRECTABLE,8,5,0.615,2,174,web_desktop,LOW,1,0,0,1,973.35
pay_tx_100231,cust_1793,1247.62,INR,UPI,HDFC,20,6,bank_down,TEMPORARY_INFRASTRUCTURE,14,0,1.0,1,580,mobile_ios,LOW,1,0,1,1,1247.62
pay_tx_100232,cust_3161,617.99,INR,DEBIT_CARD,ICICI,8,0,insufficient_funds,INSUFFICIENT_FUNDS,20,5,0.8,1,647,web_desktop,LOW,0,1,0,1,617.99
pay_tx_100233,cust_4836,2288.99,INR,NET_BANKING,PAYTM_BANK,2,5,bank_down,TEMPORARY_INFRASTRUCTURE,3,0,1.0,1,305,mobile_android,LOW,1,1,1,1,2288.99
pay_tx_100234,cust_6629,5258.27,INR,UPI,YES_BANK,13,5,incorrect_pin,CUSTOMER_CORRECTABLE,4,7,0.364,1,266,web_mobile,LOW,0,1,1,1,5258.27
pay_tx_100235,cust_5902,6493.63,INR,CREDIT_CARD,AXIS,4,5,card_expired,PAYMENT_METHOD_PROBLEM,21,2,0.913,1,162,mobile_android,LOW,1,1,1,1,6493.63
pay_tx_100236,cust_3480,9810.58,INR,NET_BANKING,KOTAK,21,3,bank_down,TEMPORARY_INFRASTRUCTURE,6,1,0.857,2,173,mobile_ios,MEDIUM,1,1,0,1,9810.58
pay_tx_100237,cust_6152,10342.96,INR,CREDIT_CARD,ICICI,8,5,card_expired,PAYMENT_METHOD_PROBLEM,2,3,0.4,1,177,web_desktop,MEDIUM,0,0,0,0,0.0
pay_tx_100238,cust_5942,1289.3,INR,CREDIT_CARD,KOTAK,19,4,insufficient_funds,INSUFFICIENT_FUNDS,6,6,0.5,1,101,mobile_android,MEDIUM,0,1,0,1,1289.3
pay_tx_100239,cust_4949,719.56,INR,NET_BANKING,PAYTM_BANK,19,0,incorrect_pin,CUSTOMER_CORRECTABLE,16,0,1.0,3,243,web_desktop,LOW,0,1,1,1,719.56
pay_tx_100240,cust_3830,2394.81,INR,NET_BANKING,YES_BANK,2,0,bank_down,TEMPORARY_INFRASTRUCTURE,18,1,0.947,1,493,mobile_ios,LOW,1,1,0,1,2394.81
pay_tx_100241,cust_9209,1398.58,INR,NET_BANKING,AXIS,22,3,insufficient_funds,INSUFFICIENT_FUNDS,2,8,0.2,1,331,mobile_ios,LOW,1,1,1,1,1398.58
pay_tx_100242,cust_3545,2207.78,INR,WALLET,SBI,12,4,authentication_failed,CUSTOMER_CORRECTABLE,20,1,0.952,1,358,web_mobile,LOW,0,1,1,1,2207.78
pay_tx_100243,cust_8118,841.1,INR,UPI,AXIS,19,4,insufficient_funds,INSUFFICIENT_FUNDS,1,4,0.2,1,160,mobile_ios,LOW,0,0,1,1,841.1
pay_tx_100244,cust_6680,841.46,INR,WALLET,KOTAK,23,2,incorrect_pin,CUSTOMER_CORRECTABLE,5,5,0.5,1,558,web_desktop,LOW,1,0,1,1,841.46
pay_tx_100245,cust_8034,9942.81,INR,DEBIT_CARD,KOTAK,2,2,bank_down,TEMPORARY_INFRASTRUCTURE,22,1,0.957,1,154,web_desktop,LOW,0,1,1,1,9942.81
pay_tx_100246,cust_2685,932.0,INR,WALLET,PAYTM_BANK,23,0,insufficient_funds,INSUFFICIENT_FUNDS,7,8,0.467,1,393,mobile_android,LOW,0,1,1,1,932.0
pay_tx_100247,cust_1579,11579.67,INR,WALLET,YES_BANK,22,5,incorrect_pin,CUSTOMER_CORRECTABLE,20,6,0.769,1,783,mobile_ios,LOW,0,1,1,1,11579.67
pay_tx_100248,cust_7108,866.67,INR,UPI,KOTAK,21,0,customer_cancelled,CUSTOMER_ABANDONMENT,5,3,0.625,2,182,mobile_android,HIGH,0,0,0,0,0.0
pay_tx_100249,cust_6090,2547.93,INR,DEBIT_CARD,HDFC,17,3,bank_down,TEMPORARY_INFRASTRUCTURE,0,5,0.0,1,320,web_desktop,LOW,1,1,0,1,2547.93
pay_tx_100250,cust_4201,1462.15,INR,WALLET,YES_BANK,7,1,insufficient_funds,INSUFFICIENT_FUNDS,0,6,0.0,1,125,web_desktop,LOW,0,1,0,1,1462.15
pay_tx_100251,cust_7164,1737.58,INR,DEBIT_CARD,HDFC,6,4,incorrect_pin,CUSTOMER_CORRECTABLE,7,6,0.538,1,783,mobile_android,HIGH,0,0,0,0,0.0
pay_tx_100252,cust_4792,971.52,INR,WALLET,AXIS,22,2,gateway_timeout,TEMPORARY_INFRASTRUCTURE,14,1,0.933,1,295,mobile_ios,LOW,1,1,1,1,971.52
pay_tx_100253,cust_3141,37508.35,INR,CREDIT_CARD,SBI,8,6,gateway_timeout,TEMPORARY_INFRASTRUCTURE,10,6,0.625,2,160,web_desktop,HIGH,0,0,0,0,0.0
pay_tx_100254,cust_3230,4098.06,INR,WALLET,HDFC,4,0,insufficient_funds,INSUFFICIENT_FUNDS,5,7,0.417,1,805,web_mobile,LOW,1,0,0,1,4098.06
pay_tx_100255,cust_8591,3673.08,INR,DEBIT_CARD,YES_BANK,3,0,gateway_timeout,TEMPORARY_INFRASTRUCTURE,5,4,0.556,2,532,mobile_android,LOW,0,1,0,1,3673.08
pay_tx_100256,cust_6828,4839.56,INR,NET_BANKING,KOTAK,1,5,bank_down,TEMPORARY_INFRASTRUCTURE,9,4,0.692,2,361,mobile_ios,LOW,1,1,0,1,4839.56
pay_tx_100257,cust_5093,9495.67,INR,UPI,AXIS,3,6,incorrect_pin,CUSTOMER_CORRECTABLE,25,2,0.926,1,397,mobile_android,MEDIUM,0,1,0,1,9495.67
pay_tx_100258,cust_7098,1479.5,INR,UPI,KOTAK,18,2,insufficient_funds,INSUFFICIENT_FUNDS,2,0,1.0,3,279,mobile_ios,MEDIUM,0,1,0,1,1479.5
pay_tx_100259,cust_6432,2814.13,INR,UPI,HDFC,14,0,gateway_timeout,TEMPORARY_INFRASTRUCTURE,5,6,0.455,2,181,web_mobile,LOW,1,1,1,1,2814.13
pay_tx_100260,cust_4066,2274.05,INR,DEBIT_CARD,SBI,14,1,bank_down,TEMPORARY_INFRASTRUCTURE,1,3,0.25,1,259,web_mobile,LOW,1,1,1,1,2274.05
pay_tx_100261,cust_3248,3922.88,INR,NET_BANKING,ICICI,20,6,card_expired,PAYMENT_METHOD_PROBLEM,16,3,0.842,1,946,mobile_android,HIGH,0,0,0,0,0.0
pay_tx_100262,cust_8940,2438.8,INR,DEBIT_CARD,KOTAK,16,2,fraud_suspected,RISK_RELATED,12,4,0.75,1,696,web_desktop,HIGH,0,0,0,0,0.0
pay_tx_100263,cust_8728,3749.87,INR,WALLET,SBI,18,1,incorrect_pin,CUSTOMER_CORRECTABLE,5,1,0.833,1,287,mobile_ios,LOW,0,1,1,1,3749.87
pay_tx_100264,cust_4594,1058.15,INR,WALLET,YES_BANK,12,2,insufficient_funds,INSUFFICIENT_FUNDS,5,2,0.714,1,289,web_desktop,MEDIUM,0,0,1,1,1058.15
pay_tx_100265,cust_6761,2120.83,INR,WALLET,KOTAK,4,4,insufficient_funds,INSUFFICIENT_FUNDS,6,7,0.462,1,137,mobile_ios,LOW,1,1,1,1,2120.83
pay_tx_100266,cust_9625,924.54,INR,NET_BANKING,HDFC,10,4,card_expired,PAYMENT_METHOD_PROBLEM,6,2,0.75,1,330,mobile_ios,MEDIUM,0,1,1,1,924.54
pay_tx_100267,cust_3320,11832.78,INR,UPI,YES_BANK,16,6,bank_down,TEMPORARY_INFRASTRUCTURE,11,1,0.917,1,237,web_mobile,LOW,1,1,0,1,11832.78
pay_tx_100268,cust_8157,318.11,INR,NET_BANKING,PAYTM_BANK,10,1,incorrect_pin,CUSTOMER_CORRECTABLE,22,8,0.733,1,99,web_desktop,LOW,1,1,1,1,318.11
pay_tx_100269,cust_5825,4230.3,INR,CREDIT_CARD,ICICI,23,0,bank_down,TEMPORARY_INFRASTRUCTURE,22,6,0.786,2,74,mobile_android,LOW,1,1,0,1,4230.3
pay_tx_100270,cust_2705,5151.01,INR,NET_BANKING,ICICI,10,5,incorrect_pin,CUSTOMER_CORRECTABLE,2,3,0.4,1,398,web_desktop,LOW,0,1,0,1,5151.01
pay_tx_100271,cust_6500,1605.18,INR,NET_BANKING,HDFC,8,1,bank_down,TEMPORARY_INFRASTRUCTURE,7,1,0.875,1,138,mobile_android,LOW,1,1,1,1,1605.18
pay_tx_100272,cust_3725,1353.59,INR,NET_BANKING,AXIS,12,2,incorrect_pin,CUSTOMER_CORRECTABLE,17,6,0.739,1,324,web_mobile,MEDIUM,1,1,1,1,1353.59
pay_tx_100273,cust_8393,402.68,INR,UPI,YES_BANK,1,2,customer_cancelled,CUSTOMER_ABANDONMENT,0,5,0.0,1,646,mobile_android,LOW,1,1,0,1,402.68
pay_tx_100274,cust_9962,2727.85,INR,UPI,SBI,19,4,card_expired,PAYMENT_METHOD_PROBLEM,15,0,1.0,1,349,mobile_ios,LOW,1,1,1,1,2727.85
pay_tx_100275,cust_4112,3909.9,INR,NET_BANKING,PAYTM_BANK,17,5,incorrect_pin,CUSTOMER_CORRECTABLE,23,8,0.742,1,605,web_desktop,LOW,1,1,1,1,3909.9
pay_tx_100276,cust_9043,2288.9,INR,CREDIT_CARD,HDFC,11,0,card_expired,PAYMENT_METHOD_PROBLEM,13,1,0.929,1,413,web_mobile,LOW,1,1,1,1,2288.9
pay_tx_100277,cust_2342,802.98,INR,NET_BANKING,YES_BANK,3,2,incorrect_pin,CUSTOMER_CORRECTABLE,25,6,0.806,1,786,web_desktop,LOW,1,1,0,1,802.98
pay_tx_100278,cust_7052,2108.49,INR,CREDIT_CARD,AXIS,1,2,insufficient_funds,INSUFFICIENT_FUNDS,14,7,0.667,1,139,web_desktop,LOW,1,0,1,1,2108.49
pay_tx_100279,cust_6632,1058.47,INR,WALLET,AXIS,18,1,incorrect_pin,CUSTOMER_CORRECTABLE,17,0,1.0,2,33,web_mobile,HIGH,0,0,0,0,0.0
pay_tx_100280,cust_4860,1050.72,INR,NET_BANKING,SBI,2,3,authentication_failed,CUSTOMER_CORRECTABLE,22,0,1.0,1,13,mobile_ios,LOW,0,1,0,1,1050.72
pay_tx_100281,cust_4471,4642.28,INR,CREDIT_CARD,ICICI,1,3,card_expired,PAYMENT_METHOD_PROBLEM,2,6,0.25,1,341,mobile_ios,MEDIUM,1,0,0,1,4642.28
pay_tx_100282,cust_2097,566.59,INR,UPI,AXIS,17,3,insufficient_funds,INSUFFICIENT_FUNDS,17,5,0.773,2,240,web_mobile,MEDIUM,1,1,0,1,566.59
pay_tx_100283,cust_7874,1800.24,INR,UPI,AXIS,4,1,authentication_failed,CUSTOMER_CORRECTABLE,18,1,0.947,3,86,mobile_android,MEDIUM,0,0,0,0,0.0
pay_tx_100284,cust_5327,1386.92,INR,NET_BANKING,PAYTM_BANK,15,4,insufficient_funds,INSUFFICIENT_FUNDS,19,7,0.731,1,255,web_desktop,LOW,0,0,0,0,0.0
pay_tx_100285,cust_7484,1343.98,INR,DEBIT_CARD,PAYTM_BANK,7,0,incorrect_pin,CUSTOMER_CORRECTABLE,23,7,0.767,3,139,web_desktop,LOW,0,1,1,1,1343.98
pay_tx_100286,cust_9054,543.51,INR,UPI,YES_BANK,7,1,authentication_failed,CUSTOMER_CORRECTABLE,9,7,0.562,2,199,web_desktop,LOW,1,1,1,1,543.51
pay_tx_100287,cust_4463,911.04,INR,NET_BANKING,PAYTM_BANK,15,6,incorrect_pin,CUSTOMER_CORRECTABLE,16,5,0.762,2,378,mobile_ios,LOW,0,1,0,1,911.04
pay_tx_100288,cust_9589,9693.65,INR,WALLET,HDFC,5,1,incorrect_pin,CUSTOMER_CORRECTABLE,6,0,1.0,1,475,web_mobile,LOW,1,1,1,1,9693.65
pay_tx_100289,cust_8605,1942.16,INR,WALLET,AXIS,20,0,bank_down,TEMPORARY_INFRASTRUCTURE,21,0,1.0,1,144,web_mobile,LOW,1,1,0,1,1942.16
pay_tx_100290,cust_6730,5293.48,INR,DEBIT_CARD,ICICI,8,5,insufficient_funds,INSUFFICIENT_FUNDS,22,1,0.957,1,394,web_mobile,LOW,0,1,1,1,5293.48
pay_tx_100291,cust_4626,8785.63,INR,CREDIT_CARD,PAYTM_BANK,6,2,insufficient_funds,INSUFFICIENT_FUNDS,20,6,0.769,1,290,mobile_android,LOW,1,1,0,1,8785.63
pay_tx_100292,cust_4666,14518.17,INR,DEBIT_CARD,KOTAK,9,5,incorrect_pin,CUSTOMER_CORRECTABLE,22,4,0.846,1,290,web_mobile,MEDIUM,1,1,1,1,14518.17
pay_tx_100293,cust_9530,827.41,INR,WALLET,AXIS,18,0,customer_cancelled,CUSTOMER_ABANDONMENT,0,8,0.0,3,167,web_desktop,LOW,0,1,0,1,827.41
pay_tx_100294,cust_8892,3385.99,INR,UPI,SBI,8,5,bank_down,TEMPORARY_INFRASTRUCTURE,10,4,0.714,1,154,web_desktop,LOW,1,1,1,1,3385.99
pay_tx_100295,cust_7620,14372.21,INR,DEBIT_CARD,PAYTM_BANK,4,5,insufficient_funds,INSUFFICIENT_FUNDS,0,7,0.0,3,344,web_desktop,MEDIUM,0,0,0,0,0.0
pay_tx_100296,cust_4111,1892.41,INR,DEBIT_CARD,PAYTM_BANK,22,1,incorrect_pin,CUSTOMER_CORRECTABLE,21,8,0.724,1,273,web_mobile,MEDIUM,1,1,0,1,1892.41
pay_tx_100297,cust_3967,1327.63,INR,DEBIT_CARD,HDFC,15,1,customer_cancelled,CUSTOMER_ABANDONMENT,23,4,0.852,2,46,mobile_ios,MEDIUM,0,0,1,1,1327.63
pay_tx_100298,cust_4659,1012.5,INR,DEBIT_CARD,AXIS,10,2,insufficient_funds,INSUFFICIENT_FUNDS,8,4,0.667,1,695,mobile_android,LOW,0,1,0,1,1012.5
pay_tx_100299,cust_2166,2366.91,INR,NET_BANKING,ICICI,16,0,insufficient_funds,INSUFFICIENT_FUNDS,21,6,0.778,1,512,web_mobile,LOW,0,1,1,1,2366.91
pay_tx_100300,cust_7704,6597.31,INR,WALLET,AXIS,4,2,customer_cancelled,CUSTOMER_ABANDONMENT,22,2,0.917,2,242,web_mobile,LOW,0,1,1,1,6597.31
pay_tx_100301,cust_8406,3955.2,INR,DEBIT_CARD,ICICI,5,4,balance_low,INSUFFICIENT_FUNDS,24,2,0.923,1,52,mobile_android,LOW,1,1,1,1,3955.2
pay_tx_100302,cust_8821,10634.39,INR,NET_BANKING,HDFC,1,4,card_expired,PAYMENT_METHOD_PROBLEM,6,5,0.545,3,623,web_desktop,MEDIUM,1,1,1,1,10634.39
pay_tx_100303,cust_5076,3270.95,INR,CREDIT_CARD,PAYTM_BANK,11,2,incorrect_pin,CUSTOMER_CORRECTABLE,4,1,0.8,1,303,web_desktop,LOW,0,1,1,1,3270.95
pay_tx_100304,cust_9524,1753.44,INR,WALLET,KOTAK,10,3,insufficient_funds,INSUFFICIENT_FUNDS,21,2,0.913,1,552,web_mobile,LOW,1,0,0,1,1753.44
pay_tx_100305,cust_7609,4564.38,INR,UPI,ICICI,7,5,insufficient_funds,INSUFFICIENT_FUNDS,4,3,0.571,2,186,mobile_ios,LOW,0,0,0,0,0.0
pay_tx_100306,cust_5190,471.72,INR,WALLET,KOTAK,1,4,insufficient_funds,INSUFFICIENT_FUNDS,1,1,0.5,1,73,mobile_android,LOW,1,1,1,1,471.72
pay_tx_100307,cust_5140,7280.77,INR,NET_BANKING,PAYTM_BANK,4,1,incorrect_pin,CUSTOMER_CORRECTABLE,22,0,1.0,1,241,mobile_android,LOW,1,1,1,1,7280.77
pay_tx_100308,cust_2718,3204.94,INR,WALLET,PAYTM_BANK,19,0,incorrect_pin,CUSTOMER_CORRECTABLE,9,1,0.9,2,265,web_mobile,LOW,1,1,1,1,3204.94
pay_tx_100309,cust_4304,387.77,INR,DEBIT_CARD,PAYTM_BANK,13,2,gateway_timeout,TEMPORARY_INFRASTRUCTURE,5,0,1.0,1,53,mobile_ios,LOW,1,1,1,1,387.77
pay_tx_100310,cust_2458,1081.67,INR,UPI,YES_BANK,18,5,bank_down,TEMPORARY_INFRASTRUCTURE,15,2,0.882,3,188,mobile_android,LOW,1,1,1,1,1081.67
pay_tx_100311,cust_5850,1189.03,INR,DEBIT_CARD,AXIS,1,0,card_expired,PAYMENT_METHOD_PROBLEM,5,0,1.0,2,192,web_desktop,MEDIUM,1,1,1,1,1189.03
pay_tx_100312,cust_1751,21853.09,INR,UPI,YES_BANK,4,5,gateway_timeout,TEMPORARY_INFRASTRUCTURE,20,2,0.909,1,507,web_mobile,HIGH,0,0,0,0,0.0
pay_tx_100313,cust_6615,2407.99,INR,CREDIT_CARD,HDFC,12,3,incorrect_pin,CUSTOMER_CORRECTABLE,14,4,0.778,2,236,web_mobile,MEDIUM,0,1,1,1,2407.99
pay_tx_100314,cust_1960,1729.06,INR,CREDIT_CARD,HDFC,13,4,balance_low,INSUFFICIENT_FUNDS,15,7,0.682,1,420,web_mobile,MEDIUM,0,0,0,0,0.0
pay_tx_100315,cust_3140,1641.13,INR,NET_BANKING,AXIS,3,3,authentication_failed,CUSTOMER_CORRECTABLE,14,0,1.0,1,472,web_desktop,LOW,0,1,0,1,1641.13
pay_tx_100316,cust_4669,2740.2,INR,DEBIT_CARD,KOTAK,16,5,authentication_failed,CUSTOMER_CORRECTABLE,22,1,0.957,1,911,mobile_ios,LOW,1,1,1,1,2740.2
pay_tx_100317,cust_1894,1529.19,INR,UPI,PAYTM_BANK,5,4,incorrect_pin,CUSTOMER_CORRECTABLE,15,7,0.682,2,531,mobile_android,MEDIUM,1,1,1,1,1529.19
pay_tx_100318,cust_9305,519.11,INR,CREDIT_CARD,KOTAK,20,3,bank_down,TEMPORARY_INFRASTRUCTURE,12,3,0.8,1,147,web_mobile,MEDIUM,1,1,1,1,519.11
pay_tx_100319,cust_2944,17976.81,INR,NET_BANKING,PAYTM_BANK,20,0,incorrect_pin,CUSTOMER_CORRECTABLE,3,6,0.333,1,459,mobile_android,MEDIUM,0,0,0,0,0.0
pay_tx_100320,cust_9328,3277.44,INR,WALLET,ICICI,20,5,bank_down,TEMPORARY_INFRASTRUCTURE,14,5,0.737,1,1063,mobile_android,MEDIUM,0,1,0,1,3277.44
pay_tx_100321,cust_8751,1687.25,INR,DEBIT_CARD,PAYTM_BANK,14,0,authentication_failed,CUSTOMER_CORRECTABLE,3,3,0.5,1,531,web_desktop,MEDIUM,0,1,1,1,1687.25
pay_tx_100322,cust_2741,7513.35,INR,UPI,ICICI,15,1,bank_down,TEMPORARY_INFRASTRUCTURE,22,6,0.786,1,718,mobile_ios,LOW,0,1,1,1,7513.35
pay_tx_100323,cust_4122,456.86,INR,DEBIT_CARD,HDFC,13,0,bank_down,TEMPORARY_INFRASTRUCTURE,20,1,0.952,2,237,web_mobile,LOW,1,1,0,1,456.86
pay_tx_100324,cust_1071,2682.53,INR,WALLET,PAYTM_BANK,1,4,card_expired,PAYMENT_METHOD_PROBLEM,13,7,0.65,3,710,mobile_ios,LOW,1,0,1,1,2682.53
pay_tx_100325,cust_6273,3115.8,INR,WALLET,AXIS,13,4,insufficient_funds,INSUFFICIENT_FUNDS,22,3,0.88,1,558,web_desktop,HIGH,0,0,0,0,0.0
pay_tx_100326,cust_9393,414.42,INR,DEBIT_CARD,YES_BANK,22,4,card_expired,PAYMENT_METHOD_PROBLEM,10,8,0.556,1,196,mobile_ios,LOW,0,1,0,1,414.42
pay_tx_100327,cust_3173,9422.43,INR,CREDIT_CARD,KOTAK,17,5,incorrect_pin,CUSTOMER_CORRECTABLE,20,5,0.8,2,217,web_desktop,LOW,1,0,0,1,9422.43
pay_tx_100328,cust_9747,1842.16,INR,DEBIT_CARD,YES_BANK,13,6,insufficient_funds,INSUFFICIENT_FUNDS,0,8,0.0,1,703,web_mobile,LOW,0,1,0,1,1842.16
pay_tx_100329,cust_3636,654.35,INR,DEBIT_CARD,PAYTM_BANK,8,1,insufficient_funds,INSUFFICIENT_FUNDS,1,4,0.2,1,145,mobile_android,LOW,0,0,0,0,0.0
pay_tx_100330,cust_4675,369.55,INR,WALLET,AXIS,7,4,incorrect_pin,CUSTOMER_CORRECTABLE,25,4,0.862,1,721,mobile_android,MEDIUM,1,0,0,1,369.55
pay_tx_100331,cust_6122,6074.05,INR,WALLET,HDFC,0,5,insufficient_funds,INSUFFICIENT_FUNDS,8,3,0.727,1,492,web_mobile,MEDIUM,0,1,0,1,6074.05
pay_tx_100332,cust_9955,1224.4,INR,WALLET,ICICI,23,1,authentication_failed,CUSTOMER_CORRECTABLE,9,7,0.562,1,65,mobile_android,LOW,1,1,1,1,1224.4
pay_tx_100333,cust_8020,251.02,INR,DEBIT_CARD,KOTAK,8,1,authentication_failed,CUSTOMER_CORRECTABLE,5,4,0.556,1,625,web_mobile,LOW,1,1,1,1,251.02
pay_tx_100334,cust_1833,3557.06,INR,WALLET,YES_BANK,21,2,bank_down,TEMPORARY_INFRASTRUCTURE,15,8,0.652,1,427,web_desktop,LOW,0,1,0,1,3557.06
pay_tx_100335,cust_3611,2533.68,INR,NET_BANKING,KOTAK,17,3,balance_low,INSUFFICIENT_FUNDS,2,5,0.286,1,130,mobile_ios,LOW,1,1,0,1,2533.68
pay_tx_100336,cust_9691,1291.02,INR,NET_BANKING,KOTAK,20,0,insufficient_funds,INSUFFICIENT_FUNDS,3,5,0.375,1,103,mobile_ios,HIGH,0,0,0,0,0.0
pay_tx_100337,cust_2857,480.92,INR,NET_BANKING,SBI,17,5,authentication_failed,CUSTOMER_CORRECTABLE,9,0,1.0,3,473,web_desktop,LOW,1,1,1,1,480.92
pay_tx_100338,cust_4154,274.62,INR,DEBIT_CARD,KOTAK,2,0,insufficient_funds,INSUFFICIENT_FUNDS,5,8,0.385,1,103,mobile_android,LOW,0,1,0,1,274.62
pay_tx_100339,cust_2702,1380.83,INR,CREDIT_CARD,KOTAK,22,5,bank_down,TEMPORARY_INFRASTRUCTURE,24,6,0.8,1,270,mobile_android,LOW,1,1,1,1,1380.83
pay_tx_100340,cust_2433,364.73,INR,UPI,HDFC,5,6,incorrect_pin,CUSTOMER_CORRECTABLE,8,8,0.5,1,345,mobile_ios,MEDIUM,1,1,1,1,364.73
pay_tx_100341,cust_6183,2365.39,INR,UPI,AXIS,21,0,incorrect_pin,CUSTOMER_CORRECTABLE,17,0,1.0,1,618,mobile_android,MEDIUM,1,1,1,1,2365.39
pay_tx_100342,cust_9238,2093.84,INR,UPI,SBI,21,2,gateway_timeout,TEMPORARY_INFRASTRUCTURE,19,1,0.95,1,370,web_mobile,LOW,0,1,1,1,2093.84
pay_tx_100343,cust_4602,778.69,INR,CREDIT_CARD,PAYTM_BANK,12,6,authentication_failed,CUSTOMER_CORRECTABLE,25,8,0.758,1,142,mobile_ios,LOW,0,0,0,0,0.0
pay_tx_100344,cust_7113,406.41,INR,UPI,KOTAK,17,1,card_expired,PAYMENT_METHOD_PROBLEM,3,0,1.0,1,138,web_mobile,LOW,0,1,0,1,406.41
pay_tx_100345,cust_6633,1269.1,INR,CREDIT_CARD,AXIS,20,6,bank_down,TEMPORARY_INFRASTRUCTURE,16,2,0.889,1,577,mobile_ios,LOW,1,1,0,1,1269.1
pay_tx_100346,cust_1891,663.54,INR,WALLET,AXIS,20,4,authentication_failed,CUSTOMER_CORRECTABLE,2,4,0.333,1,937,web_desktop,LOW,0,1,1,1,663.54
pay_tx_100347,cust_3100,3868.15,INR,CREDIT_CARD,HDFC,9,4,incorrect_pin,CUSTOMER_CORRECTABLE,2,3,0.4,1,338,web_mobile,LOW,0,1,1,1,3868.15
pay_tx_100348,cust_6971,1905.64,INR,DEBIT_CARD,AXIS,5,0,authentication_failed,CUSTOMER_CORRECTABLE,10,3,0.769,2,222,web_mobile,LOW,1,1,1,1,1905.64
pay_tx_100349,cust_8863,926.13,INR,NET_BANKING,AXIS,11,6,authentication_failed,CUSTOMER_CORRECTABLE,9,7,0.562,1,67,mobile_ios,LOW,1,1,0,1,926.13
pay_tx_100350,cust_9824,689.24,INR,CREDIT_CARD,SBI,23,5,insufficient_funds,INSUFFICIENT_FUNDS,2,1,0.667,2,720,mobile_android,MEDIUM,0,0,1,1,689.24
pay_tx_100351,cust_1600,3578.79,INR,WALLET,SBI,17,4,insufficient_funds,INSUFFICIENT_FUNDS,15,2,0.882,1,716,mobile_ios,MEDIUM,0,0,1,1,3578.79
pay_tx_100352,cust_9210,899.63,INR,WALLET,HDFC,12,2,insufficient_funds,INSUFFICIENT_FUNDS,16,0,1.0,1,100,mobile_ios,MEDIUM,1,1,0,1,899.63
pay_tx_100353,cust_3395,1883.52,INR,NET_BANKING,SBI,1,1,incorrect_pin,CUSTOMER_CORRECTABLE,24,7,0.774,1,128,web_desktop,LOW,1,1,0,1,1883.52
pay_tx_100354,cust_6918,2393.57,INR,NET_BANKING,AXIS,14,0,customer_cancelled,CUSTOMER_ABANDONMENT,1,5,0.167,1,53,web_desktop,MEDIUM,1,0,1,1,2393.57
pay_tx_100355,cust_7201,199.0,INR,DEBIT_CARD,KOTAK,20,6,insufficient_funds,INSUFFICIENT_FUNDS,2,8,0.2,1,329,mobile_ios,LOW,0,0,0,0,0.0
pay_tx_100356,cust_8898,13454.74,INR,WALLET,HDFC,16,1,insufficient_funds,INSUFFICIENT_FUNDS,14,2,0.875,1,340,web_desktop,LOW,1,1,0,1,13454.74
pay_tx_100357,cust_2938,3533.32,INR,CREDIT_CARD,AXIS,10,5,incorrect_pin,CUSTOMER_CORRECTABLE,3,7,0.3,1,265,web_mobile,LOW,1,0,1,1,3533.32
pay_tx_100358,cust_1706,2215.5,INR,CREDIT_CARD,KOTAK,18,1,incorrect_pin,CUSTOMER_CORRECTABLE,4,8,0.333,1,64,mobile_ios,LOW,1,1,0,1,2215.5
pay_tx_100359,cust_1305,747.97,INR,DEBIT_CARD,HDFC,6,3,bank_down,TEMPORARY_INFRASTRUCTURE,19,7,0.731,2,573,mobile_ios,LOW,1,1,0,1,747.97
pay_tx_100360,cust_3979,487.47,INR,WALLET,PAYTM_BANK,16,2,risk_declined,RISK_RELATED,5,5,0.5,3,193,mobile_android,HIGH,0,0,0,0,0.0
pay_tx_100361,cust_9564,7752.09,INR,WALLET,PAYTM_BANK,13,6,authentication_failed,CUSTOMER_CORRECTABLE,4,1,0.8,1,278,mobile_android,MEDIUM,1,1,1,1,7752.09
pay_tx_100362,cust_3135,2276.65,INR,WALLET,KOTAK,0,6,incorrect_pin,CUSTOMER_CORRECTABLE,21,6,0.778,1,194,web_desktop,MEDIUM,1,1,0,1,2276.65
pay_tx_100363,cust_8899,4229.04,INR,NET_BANKING,SBI,18,6,incorrect_pin,CUSTOMER_CORRECTABLE,23,1,0.958,1,484,web_desktop,LOW,1,1,1,1,4229.04
pay_tx_100364,cust_9908,704.02,INR,NET_BANKING,SBI,6,0,incorrect_pin,CUSTOMER_CORRECTABLE,22,0,1.0,1,70,mobile_android,LOW,1,1,0,1,704.02
pay_tx_100365,cust_7698,199.65,INR,DEBIT_CARD,HDFC,4,3,insufficient_funds,INSUFFICIENT_FUNDS,20,4,0.833,1,361,web_mobile,LOW,0,0,1,1,199.65
pay_tx_100366,cust_4337,2882.16,INR,NET_BANKING,KOTAK,17,3,balance_low,INSUFFICIENT_FUNDS,5,5,0.5,1,1110,web_mobile,LOW,1,1,0,1,2882.16
pay_tx_100367,cust_3262,1994.59,INR,UPI,PAYTM_BANK,7,3,insufficient_funds,INSUFFICIENT_FUNDS,25,2,0.926,1,231,web_mobile,MEDIUM,0,1,0,1,1994.59
pay_tx_100368,cust_1852,2492.07,INR,CREDIT_CARD,AXIS,20,0,card_expired,PAYMENT_METHOD_PROBLEM,25,1,0.962,2,317,web_mobile,MEDIUM,1,1,1,1,2492.07
pay_tx_100369,cust_2311,1465.64,INR,WALLET,HDFC,23,3,incorrect_pin,CUSTOMER_CORRECTABLE,12,8,0.6,1,130,mobile_android,MEDIUM,0,1,1,1,1465.64
pay_tx_100370,cust_4304,1870.23,INR,WALLET,SBI,6,0,bank_down,TEMPORARY_INFRASTRUCTURE,25,8,0.758,1,248,mobile_ios,LOW,0,1,0,1,1870.23
pay_tx_100371,cust_3579,1754.55,INR,UPI,SBI,12,2,authentication_failed,CUSTOMER_CORRECTABLE,21,6,0.778,1,444,mobile_ios,LOW,0,1,1,1,1754.55
pay_tx_100372,cust_5661,1830.64,INR,WALLET,KOTAK,11,2,insufficient_funds,INSUFFICIENT_FUNDS,8,3,0.727,1,72,mobile_ios,LOW,1,1,1,1,1830.64
pay_tx_100373,cust_9294,870.08,INR,UPI,KOTAK,2,4,incorrect_pin,CUSTOMER_CORRECTABLE,9,5,0.643,3,215,web_desktop,MEDIUM,0,1,0,1,870.08
pay_tx_100374,cust_7178,1935.23,INR,WALLET,AXIS,7,6,fraud_suspected,RISK_RELATED,10,7,0.588,1,367,mobile_android,CRITICAL,0,0,0,0,0.0
pay_tx_100375,cust_4610,1953.48,INR,CREDIT_CARD,YES_BANK,10,3,insufficient_funds,INSUFFICIENT_FUNDS,11,8,0.579,1,29,web_desktop,LOW,1,0,0,1,1953.48
pay_tx_100376,cust_2245,423.42,INR,WALLET,ICICI,15,2,authentication_failed,CUSTOMER_CORRECTABLE,11,3,0.786,2,385,web_desktop,LOW,0,0,1,1,423.42
pay_tx_100377,cust_4271,1399.5,INR,CREDIT_CARD,PAYTM_BANK,7,6,incorrect_pin,CUSTOMER_CORRECTABLE,8,3,0.727,1,279,mobile_ios,MEDIUM,1,1,1,1,1399.5
pay_tx_100378,cust_2285,1206.52,INR,NET_BANKING,KOTAK,0,6,insufficient_funds,INSUFFICIENT_FUNDS,17,0,1.0,2,149,web_desktop,LOW,1,0,0,1,1206.52
pay_tx_100379,cust_5501,1257.7,INR,NET_BANKING,ICICI,16,2,incorrect_pin,CUSTOMER_CORRECTABLE,12,3,0.8,2,282,mobile_ios,LOW,0,1,1,1,1257.7
pay_tx_100380,cust_9232,1814.66,INR,DEBIT_CARD,AXIS,21,6,authentication_failed,CUSTOMER_CORRECTABLE,5,7,0.417,3,482,web_mobile,LOW,1,1,1,1,1814.66
pay_tx_100381,cust_2650,304.33,INR,DEBIT_CARD,SBI,19,6,insufficient_funds,INSUFFICIENT_FUNDS,8,2,0.8,1,67,mobile_ios,LOW,0,1,1,1,304.33
pay_tx_100382,cust_7945,1380.61,INR,CREDIT_CARD,AXIS,22,6,insufficient_funds,INSUFFICIENT_FUNDS,11,5,0.688,2,370,web_desktop,LOW,0,0,0,0,0.0
pay_tx_100383,cust_2636,4496.19,INR,DEBIT_CARD,YES_BANK,7,4,incorrect_pin,CUSTOMER_CORRECTABLE,13,6,0.684,1,154,mobile_ios,LOW,1,1,1,1,4496.19
pay_tx_100384,cust_9470,199.0,INR,WALLET,PAYTM_BANK,10,6,insufficient_funds,INSUFFICIENT_FUNDS,15,4,0.789,1,158,mobile_android,LOW,0,1,0,1,199.0
pay_tx_100385,cust_8807,2893.33,INR,UPI,AXIS,23,2,incorrect_pin,CUSTOMER_CORRECTABLE,8,5,0.615,1,247,web_desktop,LOW,1,1,0,1,2893.33
pay_tx_100386,cust_4259,3623.33,INR,WALLET,KOTAK,20,5,authentication_failed,CUSTOMER_CORRECTABLE,17,2,0.895,3,560,web_desktop,LOW,1,1,0,1,3623.33
pay_tx_100387,cust_2284,1494.83,INR,NET_BANKING,KOTAK,9,3,authentication_failed,CUSTOMER_CORRECTABLE,20,2,0.909,2,173,web_desktop,LOW,1,1,0,1,1494.83
pay_tx_100388,cust_2296,625.3,INR,CREDIT_CARD,SBI,7,2,authentication_failed,CUSTOMER_CORRECTABLE,10,4,0.714,2,67,web_mobile,LOW,1,0,1,1,625.3
pay_tx_100389,cust_9535,260.79,INR,NET_BANKING,AXIS,5,1,card_expired,PAYMENT_METHOD_PROBLEM,0,2,0.0,2,141,web_desktop,MEDIUM,0,1,1,1,260.79
pay_tx_100390,cust_2687,6297.36,INR,UPI,HDFC,15,4,insufficient_funds,INSUFFICIENT_FUNDS,1,0,1.0,2,405,mobile_android,LOW,0,1,0,1,6297.36
pay_tx_100391,cust_7387,1006.77,INR,DEBIT_CARD,ICICI,7,5,customer_cancelled,CUSTOMER_ABANDONMENT,9,7,0.562,1,943,mobile_ios,LOW,1,1,0,1,1006.77
pay_tx_100392,cust_6328,874.05,INR,NET_BANKING,AXIS,17,2,customer_cancelled,CUSTOMER_ABANDONMENT,17,7,0.708,1,596,mobile_ios,LOW,0,0,0,0,0.0
pay_tx_100393,cust_8126,11775.94,INR,WALLET,PAYTM_BANK,20,4,authentication_failed,CUSTOMER_CORRECTABLE,9,5,0.643,1,350,mobile_ios,MEDIUM,1,1,1,1,11775.94
pay_tx_100394,cust_5973,801.71,INR,UPI,HDFC,16,6,bank_down,TEMPORARY_INFRASTRUCTURE,24,2,0.923,1,185,web_mobile,LOW,0,1,0,1,801.71
pay_tx_100395,cust_5908,2256.6,INR,UPI,YES_BANK,13,6,incorrect_pin,CUSTOMER_CORRECTABLE,9,3,0.75,2,69,web_desktop,LOW,0,1,1,1,2256.6
pay_tx_100396,cust_7385,563.44,INR,NET_BANKING,ICICI,8,0,card_expired,PAYMENT_METHOD_PROBLEM,13,3,0.812,1,97,web_desktop,LOW,0,0,1,1,563.44
pay_tx_100397,cust_2121,3442.6,INR,CREDIT_CARD,ICICI,9,0,incorrect_pin,CUSTOMER_CORRECTABLE,20,7,0.741,1,557,web_desktop,LOW,1,1,1,1,3442.6
pay_tx_100398,cust_9764,4284.44,INR,UPI,ICICI,3,2,incorrect_pin,CUSTOMER_CORRECTABLE,8,2,0.8,2,496,mobile_android,LOW,1,1,1,1,4284.44
pay_tx_100399,cust_6104,729.13,INR,NET_BANKING,SBI,14,5,insufficient_funds,INSUFFICIENT_FUNDS,25,0,1.0,1,192,mobile_ios,LOW,0,1,0,1,729.13
pay_tx_100400,cust_4148,1338.09,INR,DEBIT_CARD,YES_BANK,12,6,card_expired,PAYMENT_METHOD_PROBLEM,0,1,0.0,3,349,mobile_ios,LOW,0,1,0,1,1338.09
pay_tx_100401,cust_4263,24294.44,INR,NET_BANKING,PAYTM_BANK,3,4,fraud_suspected,RISK_RELATED,21,3,0.875,1,144,web_desktop,CRITICAL,0,0,0,0,0.0
pay_tx_100402,cust_9534,5504.98,INR,UPI,SBI,15,5,authentication_failed,CUSTOMER_CORRECTABLE,9,3,0.75,1,678,mobile_android,MEDIUM,1,1,0,1,5504.98
pay_tx_100403,cust_6316,3325.59,INR,UPI,ICICI,8,4,bank_down,TEMPORARY_INFRASTRUCTURE,3,6,0.333,2,185,mobile_android,HIGH,0,0,0,0,0.0
pay_tx_100404,cust_3539,660.47,INR,DEBIT_CARD,YES_BANK,2,1,insufficient_funds,INSUFFICIENT_FUNDS,5,7,0.417,1,97,web_desktop,MEDIUM,0,0,1,1,660.47
pay_tx_100405,cust_3521,199.0,INR,WALLET,YES_BANK,3,1,authentication_failed,CUSTOMER_CORRECTABLE,15,3,0.833,1,209,web_desktop,MEDIUM,1,1,0,1,199.0
pay_tx_100406,cust_6868,1297.02,INR,CREDIT_CARD,SBI,1,3,bank_down,TEMPORARY_INFRASTRUCTURE,22,7,0.759,1,456,web_mobile,LOW,1,1,0,1,1297.02
pay_tx_100407,cust_5510,898.12,INR,WALLET,YES_BANK,17,1,gateway_timeout,TEMPORARY_INFRASTRUCTURE,2,8,0.2,1,219,web_desktop,MEDIUM,1,1,0,1,898.12
pay_tx_100408,cust_9289,2537.91,INR,NET_BANKING,PAYTM_BANK,5,0,insufficient_funds,INSUFFICIENT_FUNDS,19,5,0.792,2,357,mobile_ios,LOW,1,0,0,1,2537.91
pay_tx_100409,cust_4110,4367.1,INR,WALLET,PAYTM_BANK,15,6,bank_down,TEMPORARY_INFRASTRUCTURE,17,2,0.895,1,286,web_desktop,LOW,1,1,0,1,4367.1
pay_tx_100410,cust_1717,381.38,INR,CREDIT_CARD,ICICI,1,1,balance_low,INSUFFICIENT_FUNDS,3,7,0.3,1,335,mobile_android,LOW,0,0,0,0,0.0
pay_tx_100411,cust_5193,827.47,INR,UPI,SBI,7,4,incorrect_pin,CUSTOMER_CORRECTABLE,22,1,0.957,1,574,mobile_ios,LOW,0,1,1,1,827.47
pay_tx_100412,cust_1994,1854.79,INR,DEBIT_CARD,KOTAK,23,3,authentication_failed,CUSTOMER_CORRECTABLE,11,0,1.0,2,299,web_desktop,LOW,1,1,1,1,1854.79
pay_tx_100413,cust_4537,41028.4,INR,WALLET,HDFC,3,5,authentication_failed,CUSTOMER_CORRECTABLE,7,8,0.467,1,426,mobile_ios,MEDIUM,1,0,1,1,41028.4
pay_tx_100414,cust_7802,2856.61,INR,UPI,YES_BANK,20,4,card_expired,PAYMENT_METHOD_PROBLEM,11,7,0.611,2,224,web_mobile,MEDIUM,1,1,1,1,2856.61
pay_tx_100415,cust_6529,416.07,INR,CREDIT_CARD,KOTAK,19,3,insufficient_funds,INSUFFICIENT_FUNDS,11,5,0.688,1,211,web_desktop,MEDIUM,1,1,0,1,416.07
pay_tx_100416,cust_6299,651.56,INR,WALLET,ICICI,18,4,incorrect_pin,CUSTOMER_CORRECTABLE,6,6,0.5,2,732,web_desktop,LOW,1,0,1,1,651.56
pay_tx_100417,cust_1567,2903.31,INR,DEBIT_CARD,KOTAK,0,4,incorrect_pin,CUSTOMER_CORRECTABLE,4,4,0.5,1,560,mobile_ios,LOW,1,1,0,1,2903.31
pay_tx_100418,cust_5521,869.8,INR,WALLET,KOTAK,17,4,incorrect_pin,CUSTOMER_CORRECTABLE,18,2,0.9,1,126,web_mobile,LOW,1,1,1,1,869.8
pay_tx_100419,cust_4817,3936.06,INR,DEBIT_CARD,YES_BANK,9,0,insufficient_funds,INSUFFICIENT_FUNDS,18,6,0.75,1,114,mobile_ios,LOW,0,0,1,1,3936.06
pay_tx_100420,cust_2562,1069.61,INR,WALLET,PAYTM_BANK,9,0,customer_cancelled,CUSTOMER_ABANDONMENT,23,6,0.793,1,755,mobile_android,MEDIUM,0,0,0,0,0.0
pay_tx_100421,cust_2974,1119.28,INR,CREDIT_CARD,PAYTM_BANK,20,6,authentication_failed,CUSTOMER_CORRECTABLE,19,0,1.0,1,63,web_mobile,LOW,1,1,1,1,1119.28
pay_tx_100422,cust_6354,218.55,INR,WALLET,PAYTM_BANK,7,1,incorrect_pin,CUSTOMER_CORRECTABLE,1,6,0.143,3,55,mobile_android,LOW,1,1,1,1,218.55
pay_tx_100423,cust_2352,8226.38,INR,NET_BANKING,KOTAK,23,0,incorrect_pin,CUSTOMER_CORRECTABLE,17,6,0.739,1,157,web_mobile,LOW,0,1,1,1,8226.38
pay_tx_100424,cust_4245,38942.41,INR,NET_BANKING,AXIS,20,4,incorrect_pin,CUSTOMER_CORRECTABLE,6,8,0.429,1,683,mobile_ios,MEDIUM,1,1,1,1,38942.41
pay_tx_100425,cust_2467,20076.62,INR,UPI,PAYTM_BANK,13,3,authentication_failed,CUSTOMER_CORRECTABLE,11,5,0.688,1,505,web_desktop,LOW,1,1,0,1,20076.62
pay_tx_100426,cust_8245,3681.34,INR,WALLET,ICICI,14,0,gateway_timeout,TEMPORARY_INFRASTRUCTURE,7,3,0.7,1,122,mobile_ios,MEDIUM,0,1,1,1,3681.34
pay_tx_100427,cust_3419,1800.74,INR,DEBIT_CARD,HDFC,10,5,insufficient_funds,INSUFFICIENT_FUNDS,25,1,0.962,1,410,web_mobile,LOW,1,1,1,1,1800.74
pay_tx_100428,cust_9573,5689.44,INR,DEBIT_CARD,KOTAK,15,4,authentication_failed,CUSTOMER_CORRECTABLE,23,2,0.92,1,87,mobile_android,LOW,0,1,1,1,5689.44
pay_tx_100429,cust_1984,1433.12,INR,DEBIT_CARD,ICICI,22,4,insufficient_funds,INSUFFICIENT_FUNDS,8,0,1.0,1,234,mobile_android,LOW,0,1,0,1,1433.12
pay_tx_100430,cust_6901,1562.28,INR,UPI,HDFC,9,6,card_expired,PAYMENT_METHOD_PROBLEM,20,6,0.769,1,99,web_mobile,LOW,0,0,1,1,1562.28
pay_tx_100431,cust_9709,16729.2,INR,UPI,ICICI,6,4,card_expired,PAYMENT_METHOD_PROBLEM,14,8,0.636,3,208,mobile_android,LOW,0,1,1,1,16729.2
pay_tx_100432,cust_3572,571.73,INR,UPI,SBI,21,2,insufficient_funds,INSUFFICIENT_FUNDS,11,4,0.733,1,821,web_desktop,MEDIUM,0,0,0,0,0.0
pay_tx_100433,cust_1482,11520.6,INR,WALLET,SBI,7,1,insufficient_funds,INSUFFICIENT_FUNDS,10,6,0.625,1,278,mobile_android,LOW,0,1,0,1,11520.6
pay_tx_100434,cust_4726,216.56,INR,NET_BANKING,ICICI,18,1,balance_low,INSUFFICIENT_FUNDS,13,4,0.765,3,170,web_desktop,LOW,1,0,0,1,216.56
pay_tx_100435,cust_4314,266.76,INR,CREDIT_CARD,SBI,22,5,gateway_timeout,TEMPORARY_INFRASTRUCTURE,16,2,0.889,1,363,mobile_ios,LOW,1,1,1,1,266.76
pay_tx_100436,cust_9732,954.09,INR,UPI,ICICI,10,6,authentication_failed,CUSTOMER_CORRECTABLE,4,0,1.0,2,244,web_mobile,HIGH,0,0,0,0,0.0
pay_tx_100437,cust_5485,15164.34,INR,CREDIT_CARD,YES_BANK,6,0,card_expired,PAYMENT_METHOD_PROBLEM,4,2,0.667,1,150,web_desktop,LOW,1,1,1,1,15164.34
pay_tx_100438,cust_1427,3173.31,INR,DEBIT_CARD,HDFC,22,6,incorrect_pin,CUSTOMER_CORRECTABLE,15,2,0.882,1,429,web_mobile,LOW,1,1,1,1,3173.31
pay_tx_100439,cust_3253,7881.87,INR,CREDIT_CARD,ICICI,7,0,incorrect_pin,CUSTOMER_CORRECTABLE,13,0,1.0,3,231,web_mobile,LOW,0,1,1,1,7881.87
pay_tx_100440,cust_3901,1416.0,INR,NET_BANKING,YES_BANK,19,3,insufficient_funds,INSUFFICIENT_FUNDS,22,5,0.815,2,208,mobile_ios,LOW,0,1,0,1,1416.0
pay_tx_100441,cust_6126,2809.72,INR,NET_BANKING,KOTAK,23,4,card_expired,PAYMENT_METHOD_PROBLEM,19,8,0.704,1,664,mobile_android,LOW,1,0,1,1,2809.72
pay_tx_100442,cust_5025,1305.91,INR,WALLET,KOTAK,12,5,authentication_failed,CUSTOMER_CORRECTABLE,1,8,0.111,1,13,mobile_android,LOW,1,0,0,1,1305.91
pay_tx_100443,cust_5684,5223.14,INR,NET_BANKING,ICICI,13,2,customer_cancelled,CUSTOMER_ABANDONMENT,19,0,1.0,1,263,mobile_ios,LOW,0,1,0,1,5223.14
pay_tx_100444,cust_3945,3358.09,INR,WALLET,PAYTM_BANK,17,1,incorrect_pin,CUSTOMER_CORRECTABLE,12,6,0.667,1,53,mobile_android,LOW,1,1,1,1,3358.09
pay_tx_100445,cust_8449,958.28,INR,UPI,SBI,10,5,risk_declined,RISK_RELATED,20,2,0.909,2,437,mobile_android,HIGH,0,0,0,0,0.0
pay_tx_100446,cust_9582,401.36,INR,NET_BANKING,PAYTM_BANK,16,4,authentication_failed,CUSTOMER_CORRECTABLE,5,6,0.455,1,351,mobile_android,MEDIUM,0,1,0,1,401.36
pay_tx_100447,cust_3459,1732.34,INR,CREDIT_CARD,YES_BANK,4,1,insufficient_funds,INSUFFICIENT_FUNDS,24,0,1.0,1,133,web_desktop,LOW,0,1,1,1,1732.34
pay_tx_100448,cust_3155,683.82,INR,CREDIT_CARD,HDFC,19,6,authentication_failed,CUSTOMER_CORRECTABLE,8,0,1.0,1,100,web_mobile,LOW,1,1,1,1,683.82
pay_tx_100449,cust_8794,1946.94,INR,NET_BANKING,AXIS,14,0,card_expired,PAYMENT_METHOD_PROBLEM,19,0,1.0,1,285,web_desktop,LOW,1,0,1,1,1946.94
pay_tx_100450,cust_3429,1163.94,INR,UPI,PAYTM_BANK,11,0,incorrect_pin,CUSTOMER_CORRECTABLE,4,0,1.0,1,94,web_desktop,LOW,1,1,0,1,1163.94
pay_tx_100451,cust_3643,199.0,INR,DEBIT_CARD,KOTAK,21,5,balance_low,INSUFFICIENT_FUNDS,22,8,0.733,1,344,web_mobile,LOW,1,1,0,1,199.0
pay_tx_100452,cust_6289,5349.3,INR,DEBIT_CARD,AXIS,2,6,insufficient_funds,INSUFFICIENT_FUNDS,13,8,0.619,1,390,web_mobile,LOW,0,1,0,1,5349.3
pay_tx_100453,cust_9595,21354.0,INR,CREDIT_CARD,PAYTM_BANK,6,4,authentication_failed,CUSTOMER_CORRECTABLE,1,1,0.5,1,216,mobile_android,LOW,0,0,0,0,0.0
pay_tx_100454,cust_5705,9413.04,INR,NET_BANKING,KOTAK,10,2,card_expired,PAYMENT_METHOD_PROBLEM,16,5,0.762,3,144,web_mobile,LOW,0,1,1,1,9413.04
pay_tx_100455,cust_4812,692.96,INR,DEBIT_CARD,ICICI,0,0,insufficient_funds,INSUFFICIENT_FUNDS,0,7,0.0,1,274,mobile_android,LOW,1,0,0,1,692.96
pay_tx_100456,cust_1745,12703.26,INR,DEBIT_CARD,SBI,17,6,customer_cancelled,CUSTOMER_ABANDONMENT,20,3,0.87,1,197,mobile_ios,LOW,1,1,0,1,12703.26
pay_tx_100457,cust_6307,277.04,INR,UPI,HDFC,21,2,card_expired,PAYMENT_METHOD_PROBLEM,10,6,0.625,2,462,mobile_android,MEDIUM,1,0,0,1,277.04
pay_tx_100458,cust_8849,1646.81,INR,NET_BANKING,YES_BANK,1,5,authentication_failed,CUSTOMER_CORRECTABLE,4,7,0.364,1,312,web_mobile,MEDIUM,1,1,0,1,1646.81
pay_tx_100459,cust_7782,733.52,INR,UPI,YES_BANK,16,2,insufficient_funds,INSUFFICIENT_FUNDS,18,5,0.783,1,272,mobile_android,LOW,0,0,0,0,0.0
pay_tx_100460,cust_6793,321.84,INR,UPI,ICICI,8,6,card_expired,PAYMENT_METHOD_PROBLEM,0,5,0.0,3,816,mobile_ios,LOW,0,0,0,0,0.0
pay_tx_100461,cust_6050,6608.14,INR,DEBIT_CARD,PAYTM_BANK,1,2,insufficient_funds,INSUFFICIENT_FUNDS,13,1,0.929,1,263,mobile_ios,LOW,0,1,0,1,6608.14
pay_tx_100462,cust_3867,5030.77,INR,UPI,SBI,1,6,bank_down,TEMPORARY_INFRASTRUCTURE,6,1,0.857,1,144,mobile_android,MEDIUM,0,1,1,1,5030.77
pay_tx_100463,cust_8921,6222.66,INR,WALLET,SBI,10,1,customer_cancelled,CUSTOMER_ABANDONMENT,24,1,0.96,2,190,mobile_ios,LOW,1,1,0,1,6222.66
pay_tx_100464,cust_2897,1113.9,INR,UPI,SBI,1,5,customer_cancelled,CUSTOMER_ABANDONMENT,19,1,0.95,1,106,mobile_android,LOW,0,0,1,1,1113.9
pay_tx_100465,cust_6114,3005.86,INR,CREDIT_CARD,SBI,6,1,authentication_failed,CUSTOMER_CORRECTABLE,9,4,0.692,1,254,web_mobile,LOW,1,1,1,1,3005.86
pay_tx_100466,cust_9422,9844.47,INR,UPI,ICICI,17,2,insufficient_funds,INSUFFICIENT_FUNDS,17,5,0.773,1,95,web_desktop,LOW,1,1,0,1,9844.47
pay_tx_100467,cust_9856,3022.89,INR,NET_BANKING,HDFC,4,0,insufficient_funds,INSUFFICIENT_FUNDS,15,0,1.0,1,557,mobile_android,LOW,1,1,0,1,3022.89
pay_tx_100468,cust_8304,40436.02,INR,WALLET,SBI,9,2,customer_cancelled,CUSTOMER_ABANDONMENT,6,8,0.429,1,289,web_mobile,MEDIUM,1,0,0,1,40436.02
pay_tx_100469,cust_2593,1183.46,INR,NET_BANKING,SBI,21,5,gateway_timeout,TEMPORARY_INFRASTRUCTURE,22,7,0.759,1,284,mobile_ios,LOW,0,1,1,1,1183.46
pay_tx_100470,cust_4004,8787.78,INR,DEBIT_CARD,YES_BANK,10,3,insufficient_funds,INSUFFICIENT_FUNDS,15,0,1.0,1,601,mobile_android,LOW,1,1,0,1,8787.78
pay_tx_100471,cust_3087,1569.19,INR,WALLET,HDFC,12,6,insufficient_funds,INSUFFICIENT_FUNDS,22,1,0.957,1,594,mobile_android,MEDIUM,0,1,1,1,1569.19
pay_tx_100472,cust_4992,1759.1,INR,WALLET,ICICI,15,3,incorrect_pin,CUSTOMER_CORRECTABLE,2,5,0.286,1,450,web_mobile,MEDIUM,1,1,0,1,1759.1
pay_tx_100473,cust_4869,3484.5,INR,CREDIT_CARD,PAYTM_BANK,21,0,insufficient_funds,INSUFFICIENT_FUNDS,23,7,0.767,1,181,web_mobile,LOW,1,1,1,1,3484.5
pay_tx_100474,cust_7648,597.71,INR,UPI,KOTAK,3,5,card_expired,PAYMENT_METHOD_PROBLEM,19,6,0.76,1,567,mobile_android,LOW,0,0,0,0,0.0
pay_tx_100475,cust_1003,11221.41,INR,CREDIT_CARD,PAYTM_BANK,4,3,gateway_timeout,TEMPORARY_INFRASTRUCTURE,17,4,0.81,1,336,web_mobile,LOW,0,1,0,1,11221.41
pay_tx_100476,cust_5989,1756.3,INR,NET_BANKING,PAYTM_BANK,11,0,incorrect_pin,CUSTOMER_CORRECTABLE,18,0,1.0,1,84,web_mobile,MEDIUM,0,1,0,1,1756.3
pay_tx_100477,cust_1870,7519.2,INR,UPI,PAYTM_BANK,17,6,incorrect_pin,CUSTOMER_CORRECTABLE,11,1,0.917,2,308,mobile_android,LOW,0,1,1,1,7519.2
pay_tx_100478,cust_7271,1325.19,INR,NET_BANKING,AXIS,13,4,gateway_timeout,TEMPORARY_INFRASTRUCTURE,6,2,0.75,1,459,mobile_ios,LOW,0,1,1,1,1325.19
pay_tx_100479,cust_5726,359.54,INR,CREDIT_CARD,ICICI,0,0,authentication_failed,CUSTOMER_CORRECTABLE,20,0,1.0,1,102,web_mobile,LOW,0,1,1,1,359.54
pay_tx_100480,cust_7813,801.68,INR,NET_BANKING,YES_BANK,22,4,insufficient_funds,INSUFFICIENT_FUNDS,13,2,0.867,1,363,web_mobile,LOW,1,1,1,1,801.68
pay_tx_100481,cust_1121,2242.84,INR,WALLET,AXIS,23,1,card_expired,PAYMENT_METHOD_PROBLEM,22,8,0.733,1,394,web_desktop,LOW,1,1,1,1,2242.84
pay_tx_100482,cust_8889,6847.51,INR,UPI,ICICI,23,5,customer_cancelled,CUSTOMER_ABANDONMENT,16,4,0.8,1,404,mobile_android,LOW,0,1,0,1,6847.51
pay_tx_100483,cust_2279,17674.15,INR,WALLET,YES_BANK,18,2,insufficient_funds,INSUFFICIENT_FUNDS,19,0,1.0,3,531,mobile_android,LOW,0,1,0,1,17674.15
pay_tx_100484,cust_7897,1564.85,INR,DEBIT_CARD,YES_BANK,9,2,insufficient_funds,INSUFFICIENT_FUNDS,5,0,1.0,1,160,web_desktop,LOW,1,1,0,1,1564.85
pay_tx_100485,cust_3770,1621.91,INR,WALLET,HDFC,21,2,balance_low,INSUFFICIENT_FUNDS,25,0,1.0,1,414,mobile_android,LOW,1,1,1,1,1621.91
pay_tx_100486,cust_5603,1072.14,INR,DEBIT_CARD,YES_BANK,8,0,balance_low,INSUFFICIENT_FUNDS,23,1,0.958,1,422,mobile_ios,LOW,1,1,0,1,1072.14
pay_tx_100487,cust_4869,3783.64,INR,NET_BANKING,ICICI,16,6,fraud_suspected,RISK_RELATED,1,5,0.167,3,109,mobile_ios,HIGH,0,0,0,0,0.0
pay_tx_100488,cust_7277,6655.36,INR,CREDIT_CARD,PAYTM_BANK,14,5,insufficient_funds,INSUFFICIENT_FUNDS,20,2,0.909,1,328,web_desktop,LOW,1,0,1,1,6655.36
pay_tx_100489,cust_8602,16412.86,INR,NET_BANKING,AXIS,9,3,insufficient_funds,INSUFFICIENT_FUNDS,23,8,0.742,1,246,web_mobile,LOW,1,0,1,1,16412.86
pay_tx_100490,cust_8353,1256.62,INR,NET_BANKING,PAYTM_BANK,10,4,authentication_failed,CUSTOMER_CORRECTABLE,21,0,1.0,1,96,web_desktop,HIGH,0,0,0,0,0.0
pay_tx_100491,cust_6488,502.02,INR,DEBIT_CARD,SBI,3,2,incorrect_pin,CUSTOMER_CORRECTABLE,20,6,0.769,1,482,mobile_ios,LOW,1,1,1,1,502.02
pay_tx_100492,cust_3947,14083.17,INR,DEBIT_CARD,KOTAK,0,5,incorrect_pin,CUSTOMER_CORRECTABLE,0,1,0.0,1,230,mobile_android,LOW,0,1,0,1,14083.17
pay_tx_100493,cust_5127,1476.48,INR,CREDIT_CARD,HDFC,0,4,incorrect_pin,CUSTOMER_CORRECTABLE,2,0,1.0,3,263,mobile_ios,HIGH,0,0,0,0,0.0
pay_tx_100494,cust_3128,7289.96,INR,NET_BANKING,PAYTM_BANK,20,4,gateway_timeout,TEMPORARY_INFRASTRUCTURE,25,2,0.926,2,109,mobile_ios,LOW,1,0,0,1,7289.96
pay_tx_100495,cust_5528,2406.77,INR,NET_BANKING,PAYTM_BANK,21,6,customer_cancelled,CUSTOMER_ABANDONMENT,24,5,0.828,1,490,mobile_android,LOW,1,1,0,1,2406.77
pay_tx_100496,cust_5230,3298.8,INR,DEBIT_CARD,ICICI,14,0,authentication_failed,CUSTOMER_CORRECTABLE,15,3,0.833,1,6,mobile_ios,LOW,1,1,1,1,3298.8
pay_tx_100497,cust_2740,4078.36,INR,NET_BANKING,PAYTM_BANK,8,0,insufficient_funds,INSUFFICIENT_FUNDS,1,1,0.5,1,362,web_desktop,MEDIUM,1,1,0,1,4078.36
pay_tx_100498,cust_1014,9399.3,INR,UPI,PAYTM_BANK,12,2,insufficient_funds,INSUFFICIENT_FUNDS,4,5,0.444,3,710,mobile_android,LOW,0,1,0,1,9399.3
pay_tx_100499,cust_2148,8759.53,INR,WALLET,ICICI,0,3,bank_down,TEMPORARY_INFRASTRUCTURE,22,7,0.759,1,264,web_desktop,LOW,1,1,0,1,8759.53
pay_tx_100500,cust_2485,264.45,INR,DEBIT_CARD,KOTAK,10,0,insufficient_funds,INSUFFICIENT_FUNDS,14,4,0.778,1,217,mobile_ios,LOW,0,1,1,1,264.45
pay_tx_100501,cust_7391,1905.16,INR,UPI,PAYTM_BANK,22,2,bank_down,TEMPORARY_INFRASTRUCTURE,15,1,0.938,2,742,web_mobile,LOW,1,1,0,1,1905.16
pay_tx_100502,cust_4907,741.77,INR,NET_BANKING,AXIS,2,6,authentication_failed,CUSTOMER_CORRECTABLE,17,4,0.81,1,71,web_mobile,HIGH,0,0,0,0,0.0
pay_tx_100503,cust_1701,1080.13,INR,NET_BANKING,HDFC,6,6,fraud_suspected,RISK_RELATED,20,8,0.714,1,138,mobile_ios,HIGH,0,0,0,0,0.0
pay_tx_100504,cust_1312,334.43,INR,NET_BANKING,KOTAK,1,1,authentication_failed,CUSTOMER_CORRECTABLE,22,2,0.917,1,234,mobile_android,MEDIUM,0,1,1,1,334.43
pay_tx_100505,cust_2047,1996.05,INR,UPI,HDFC,15,4,incorrect_pin,CUSTOMER_CORRECTABLE,25,3,0.893,1,60,mobile_ios,LOW,0,0,0,0,0.0
pay_tx_100506,cust_6312,1247.57,INR,UPI,PAYTM_BANK,18,4,gateway_timeout,TEMPORARY_INFRASTRUCTURE,4,5,0.444,2,130,mobile_ios,MEDIUM,1,1,1,1,1247.57
pay_tx_100507,cust_3314,199.0,INR,NET_BANKING,ICICI,22,2,balance_low,INSUFFICIENT_FUNDS,17,2,0.895,1,272,mobile_android,LOW,0,1,1,1,199.0
pay_tx_100508,cust_3584,2335.16,INR,UPI,AXIS,2,0,incorrect_pin,CUSTOMER_CORRECTABLE,0,2,0.0,3,130,web_desktop,LOW,0,0,0,0,0.0
pay_tx_100509,cust_4377,6576.18,INR,CREDIT_CARD,PAYTM_BANK,8,4,authentication_failed,CUSTOMER_CORRECTABLE,14,6,0.7,1,254,mobile_ios,LOW,1,1,1,1,6576.18
pay_tx_100510,cust_2442,772.72,INR,DEBIT_CARD,SBI,13,0,insufficient_funds,INSUFFICIENT_FUNDS,17,3,0.85,1,56,mobile_android,LOW,0,0,0,0,0.0
pay_tx_100511,cust_8605,2491.28,INR,CREDIT_CARD,SBI,1,1,authentication_failed,CUSTOMER_CORRECTABLE,3,2,0.6,1,362,web_mobile,LOW,1,0,1,1,2491.28
pay_tx_100512,cust_6966,1012.65,INR,DEBIT_CARD,ICICI,13,2,insufficient_funds,INSUFFICIENT_FUNDS,10,7,0.588,1,279,mobile_android,MEDIUM,1,0,0,1,1012.65
pay_tx_100513,cust_2901,12514.77,INR,UPI,ICICI,23,3,incorrect_pin,CUSTOMER_CORRECTABLE,18,5,0.783,1,466,web_desktop,LOW,1,1,1,1,12514.77
pay_tx_100514,cust_7759,199.0,INR,CREDIT_CARD,AXIS,7,0,incorrect_pin,CUSTOMER_CORRECTABLE,15,7,0.682,1,134,web_mobile,LOW,0,1,1,1,199.0
pay_tx_100515,cust_3234,1544.56,INR,NET_BANKING,PAYTM_BANK,6,5,incorrect_pin,CUSTOMER_CORRECTABLE,11,4,0.733,1,265,mobile_ios,LOW,1,1,1,1,1544.56
pay_tx_100516,cust_8627,2213.62,INR,NET_BANKING,AXIS,5,6,bank_down,TEMPORARY_INFRASTRUCTURE,10,3,0.769,2,345,mobile_ios,MEDIUM,0,1,1,1,2213.62
pay_tx_100517,cust_4763,1606.31,INR,UPI,AXIS,16,3,bank_down,TEMPORARY_INFRASTRUCTURE,6,7,0.462,2,253,web_desktop,LOW,1,0,1,1,1606.31
pay_tx_100518,cust_8114,5674.65,INR,WALLET,ICICI,18,1,card_expired,PAYMENT_METHOD_PROBLEM,18,0,1.0,1,309,mobile_android,LOW,1,1,1,1,5674.65
pay_tx_100519,cust_9701,458.3,INR,NET_BANKING,AXIS,22,6,incorrect_pin,CUSTOMER_CORRECTABLE,3,7,0.3,1,271,mobile_android,LOW,1,1,0,1,458.3
pay_tx_100520,cust_3174,1549.6,INR,DEBIT_CARD,SBI,7,5,authentication_failed,CUSTOMER_CORRECTABLE,2,0,1.0,1,33,web_desktop,LOW,1,1,1,1,1549.6
pay_tx_100521,cust_8452,2190.37,INR,NET_BANKING,YES_BANK,4,6,insufficient_funds,INSUFFICIENT_FUNDS,22,6,0.786,1,99,web_desktop,LOW,0,1,0,1,2190.37
pay_tx_100522,cust_7305,5786.88,INR,DEBIT_CARD,KOTAK,1,2,bank_down,TEMPORARY_INFRASTRUCTURE,13,4,0.765,1,342,mobile_ios,MEDIUM,1,1,0,1,5786.88
pay_tx_100523,cust_1898,431.66,INR,WALLET,PAYTM_BANK,11,0,insufficient_funds,INSUFFICIENT_FUNDS,3,6,0.333,1,473,mobile_android,LOW,1,1,1,1,431.66
pay_tx_100524,cust_4354,9613.83,INR,CREDIT_CARD,SBI,7,4,gateway_timeout,TEMPORARY_INFRASTRUCTURE,3,7,0.3,2,204,mobile_ios,MEDIUM,0,1,0,1,9613.83
pay_tx_100525,cust_9250,1538.91,INR,NET_BANKING,SBI,1,0,insufficient_funds,INSUFFICIENT_FUNDS,11,5,0.688,1,442,mobile_android,LOW,0,0,0,0,0.0
pay_tx_100526,cust_8405,8649.08,INR,WALLET,SBI,21,5,bank_down,TEMPORARY_INFRASTRUCTURE,25,1,0.962,1,46,web_mobile,LOW,1,1,0,1,8649.08
pay_tx_100527,cust_2260,488.26,INR,UPI,ICICI,8,0,insufficient_funds,INSUFFICIENT_FUNDS,22,2,0.917,1,178,mobile_ios,LOW,0,1,0,1,488.26
pay_tx_100528,cust_9870,1249.33,INR,CREDIT_CARD,AXIS,11,3,incorrect_pin,CUSTOMER_CORRECTABLE,14,0,1.0,1,433,mobile_android,LOW,0,1,1,1,1249.33
pay_tx_100529,cust_6503,8711.25,INR,NET_BANKING,KOTAK,10,5,insufficient_funds,INSUFFICIENT_FUNDS,20,5,0.8,1,629,web_mobile,LOW,0,0,1,1,8711.25
pay_tx_100530,cust_5259,239.82,INR,CREDIT_CARD,AXIS,11,2,bank_down,TEMPORARY_INFRASTRUCTURE,24,0,1.0,1,124,web_desktop,LOW,1,0,0,1,239.82
pay_tx_100531,cust_5673,411.08,INR,CREDIT_CARD,ICICI,22,5,risk_declined,RISK_RELATED,21,2,0.913,1,151,mobile_android,HIGH,0,0,0,0,0.0
pay_tx_100532,cust_7056,684.35,INR,CREDIT_CARD,ICICI,17,5,authentication_failed,CUSTOMER_CORRECTABLE,1,5,0.167,3,341,mobile_ios,LOW,0,1,1,1,684.35
pay_tx_100533,cust_1408,3482.62,INR,NET_BANKING,AXIS,4,3,insufficient_funds,INSUFFICIENT_FUNDS,10,2,0.833,1,251,web_desktop,LOW,1,0,0,1,3482.62
pay_tx_100534,cust_3409,1626.14,INR,WALLET,PAYTM_BANK,14,2,incorrect_pin,CUSTOMER_CORRECTABLE,22,1,0.957,2,184,mobile_android,LOW,1,1,1,1,1626.14
pay_tx_100535,cust_4610,1325.37,INR,NET_BANKING,SBI,2,2,insufficient_funds,INSUFFICIENT_FUNDS,1,3,0.25,1,704,mobile_ios,MEDIUM,0,1,1,1,1325.37
pay_tx_100536,cust_8298,4172.81,INR,UPI,KOTAK,12,1,authentication_failed,CUSTOMER_CORRECTABLE,15,5,0.75,1,190,mobile_android,MEDIUM,1,1,0,1,4172.81
pay_tx_100537,cust_7056,1589.6,INR,NET_BANKING,SBI,0,2,insufficient_funds,INSUFFICIENT_FUNDS,11,5,0.688,1,347,web_mobile,MEDIUM,1,1,0,1,1589.6
pay_tx_100538,cust_7809,431.51,INR,NET_BANKING,SBI,5,6,authentication_failed,CUSTOMER_CORRECTABLE,23,6,0.793,2,278,web_mobile,LOW,1,1,1,1,431.51
pay_tx_100539,cust_8776,3888.04,INR,WALLET,SBI,2,4,insufficient_funds,INSUFFICIENT_FUNDS,24,6,0.8,1,360,web_mobile,LOW,1,1,0,1,3888.04
pay_tx_100540,cust_3243,702.51,INR,CREDIT_CARD,ICICI,12,2,incorrect_pin,CUSTOMER_CORRECTABLE,17,7,0.708,1,148,web_desktop,MEDIUM,1,1,1,1,702.51
pay_tx_100541,cust_1439,199.0,INR,UPI,ICICI,8,2,authentication_failed,CUSTOMER_CORRECTABLE,20,7,0.741,1,424,web_desktop,LOW,1,1,1,1,199.0
pay_tx_100542,cust_2955,21783.31,INR,DEBIT_CARD,AXIS,2,4,authentication_failed,CUSTOMER_CORRECTABLE,23,5,0.821,1,110,web_mobile,MEDIUM,1,1,1,1,21783.31
pay_tx_100543,cust_2959,6776.06,INR,DEBIT_CARD,KOTAK,23,4,bank_down,TEMPORARY_INFRASTRUCTURE,0,4,0.0,1,853,mobile_android,LOW,1,1,1,1,6776.06
pay_tx_100544,cust_1866,1034.45,INR,DEBIT_CARD,SBI,13,5,authentication_failed,CUSTOMER_CORRECTABLE,11,0,1.0,1,230,mobile_android,LOW,0,1,1,1,1034.45
pay_tx_100545,cust_3738,2451.58,INR,WALLET,SBI,10,6,authentication_failed,CUSTOMER_CORRECTABLE,21,4,0.84,1,351,web_desktop,LOW,1,1,1,1,2451.58
pay_tx_100546,cust_9489,2616.68,INR,DEBIT_CARD,SBI,15,3,incorrect_pin,CUSTOMER_CORRECTABLE,10,2,0.833,1,181,mobile_ios,LOW,0,1,1,1,2616.68
pay_tx_100547,cust_9612,3811.91,INR,WALLET,PAYTM_BANK,17,5,balance_low,INSUFFICIENT_FUNDS,24,1,0.96,1,185,mobile_android,LOW,1,1,1,1,3811.91
pay_tx_100548,cust_6940,2842.73,INR,CREDIT_CARD,YES_BANK,14,4,authentication_failed,CUSTOMER_CORRECTABLE,16,5,0.762,1,244,web_desktop,LOW,0,1,0,1,2842.73
pay_tx_100549,cust_3332,215.37,INR,CREDIT_CARD,SBI,4,1,insufficient_funds,INSUFFICIENT_FUNDS,4,1,0.8,1,582,mobile_android,LOW,0,1,1,1,215.37
pay_tx_100550,cust_2766,884.66,INR,UPI,YES_BANK,21,4,authentication_failed,CUSTOMER_CORRECTABLE,18,0,1.0,1,621,web_desktop,LOW,1,1,1,1,884.66
pay_tx_100551,cust_3028,6420.61,INR,WALLET,ICICI,18,1,risk_declined,RISK_RELATED,5,5,0.5,1,295,mobile_ios,CRITICAL,0,0,0,0,0.0
pay_tx_100552,cust_9202,3379.04,INR,WALLET,ICICI,16,4,authentication_failed,CUSTOMER_CORRECTABLE,2,1,0.667,2,396,mobile_android,LOW,0,0,1,1,3379.04
pay_tx_100553,cust_9800,1426.81,INR,UPI,PAYTM_BANK,3,1,gateway_timeout,TEMPORARY_INFRASTRUCTURE,16,7,0.696,1,221,mobile_ios,LOW,0,1,1,1,1426.81
pay_tx_100554,cust_7219,3685.89,INR,NET_BANKING,ICICI,16,1,bank_down,TEMPORARY_INFRASTRUCTURE,13,1,0.929,2,246,web_desktop,LOW,1,1,0,1,3685.89
pay_tx_100555,cust_5723,1134.31,INR,WALLET,PAYTM_BANK,1,0,card_expired,PAYMENT_METHOD_PROBLEM,10,7,0.588,1,128,web_desktop,LOW,0,1,0,1,1134.31
pay_tx_100556,cust_4700,2946.76,INR,WALLET,AXIS,9,6,insufficient_funds,INSUFFICIENT_FUNDS,13,3,0.812,2,147,web_mobile,MEDIUM,1,1,0,1,2946.76
pay_tx_100557,cust_2723,5089.18,INR,NET_BANKING,AXIS,16,5,fraud_suspected,RISK_RELATED,21,1,0.955,1,483,web_mobile,CRITICAL,0,0,0,0,0.0
pay_tx_100558,cust_3764,3346.61,INR,UPI,SBI,6,2,incorrect_pin,CUSTOMER_CORRECTABLE,6,6,0.5,1,418,web_mobile,LOW,1,1,0,1,3346.61
pay_tx_100559,cust_5472,3359.05,INR,NET_BANKING,SBI,15,5,incorrect_pin,CUSTOMER_CORRECTABLE,19,6,0.76,3,439,web_desktop,LOW,1,1,1,1,3359.05
pay_tx_100560,cust_4781,4470.03,INR,CREDIT_CARD,HDFC,3,5,card_expired,PAYMENT_METHOD_PROBLEM,1,1,0.5,1,324,mobile_android,HIGH,0,0,0,0,0.0
pay_tx_100561,cust_2578,6530.12,INR,UPI,PAYTM_BANK,16,6,authentication_failed,CUSTOMER_CORRECTABLE,15,7,0.682,1,219,web_mobile,LOW,1,1,0,1,6530.12
pay_tx_100562,cust_9955,739.61,INR,UPI,YES_BANK,1,3,incorrect_pin,CUSTOMER_CORRECTABLE,3,6,0.333,1,125,web_mobile,LOW,1,1,0,1,739.61
pay_tx_100563,cust_5965,1249.43,INR,CREDIT_CARD,AXIS,13,1,balance_low,INSUFFICIENT_FUNDS,9,6,0.6,1,33,mobile_android,LOW,0,1,0,1,1249.43
pay_tx_100564,cust_8697,2335.43,INR,NET_BANKING,KOTAK,5,4,authentication_failed,CUSTOMER_CORRECTABLE,1,6,0.143,1,400,web_mobile,LOW,1,0,1,1,2335.43
pay_tx_100565,cust_1461,5569.63,INR,WALLET,HDFC,4,6,incorrect_pin,CUSTOMER_CORRECTABLE,11,5,0.688,2,50,mobile_android,MEDIUM,0,1,1,1,5569.63
pay_tx_100566,cust_6855,723.96,INR,NET_BANKING,SBI,1,5,insufficient_funds,INSUFFICIENT_FUNDS,7,3,0.7,1,447,web_desktop,LOW,0,1,1,1,723.96
pay_tx_100567,cust_6531,1432.83,INR,CREDIT_CARD,HDFC,17,2,authentication_failed,CUSTOMER_CORRECTABLE,1,7,0.125,1,394,web_mobile,LOW,0,1,0,1,1432.83
pay_tx_100568,cust_1364,408.66,INR,DEBIT_CARD,AXIS,18,3,authentication_failed,CUSTOMER_CORRECTABLE,10,1,0.909,2,616,mobile_android,LOW,1,1,0,1,408.66
pay_tx_100569,cust_6563,375.93,INR,CREDIT_CARD,KOTAK,9,2,customer_cancelled,CUSTOMER_ABANDONMENT,13,3,0.812,1,287,mobile_android,MEDIUM,0,1,1,1,375.93
pay_tx_100570,cust_7586,2325.27,INR,CREDIT_CARD,KOTAK,23,0,insufficient_funds,INSUFFICIENT_FUNDS,22,1,0.957,1,166,web_desktop,LOW,0,1,1,1,2325.27
pay_tx_100571,cust_2256,3202.32,INR,DEBIT_CARD,KOTAK,9,3,authentication_failed,CUSTOMER_CORRECTABLE,21,8,0.724,1,361,web_mobile,LOW,1,1,0,1,3202.32
pay_tx_100572,cust_3958,2895.46,INR,UPI,PAYTM_BANK,22,4,insufficient_funds,INSUFFICIENT_FUNDS,5,7,0.417,1,163,web_mobile,LOW,0,0,0,0,0.0
pay_tx_100573,cust_8106,785.52,INR,WALLET,PAYTM_BANK,20,0,bank_down,TEMPORARY_INFRASTRUCTURE,16,3,0.842,1,178,mobile_ios,LOW,0,1,0,1,785.52
pay_tx_100574,cust_7721,673.91,INR,DEBIT_CARD,YES_BANK,2,5,incorrect_pin,CUSTOMER_CORRECTABLE,6,6,0.5,1,535,web_desktop,LOW,1,1,1,1,673.91
pay_tx_100575,cust_2860,1219.9,INR,CREDIT_CARD,ICICI,0,1,gateway_timeout,TEMPORARY_INFRASTRUCTURE,25,4,0.862,1,281,web_mobile,LOW,0,1,1,1,1219.9
pay_tx_100576,cust_1477,4866.44,INR,DEBIT_CARD,YES_BANK,8,5,insufficient_funds,INSUFFICIENT_FUNDS,17,2,0.895,1,116,mobile_android,HIGH,0,0,0,0,0.0
pay_tx_100577,cust_2375,359.59,INR,DEBIT_CARD,KOTAK,9,6,gateway_timeout,TEMPORARY_INFRASTRUCTURE,2,6,0.25,2,122,mobile_android,LOW,0,1,1,1,359.59
pay_tx_100578,cust_9196,2477.67,INR,UPI,KOTAK,21,6,insufficient_funds,INSUFFICIENT_FUNDS,18,8,0.692,1,289,mobile_android,LOW,1,0,1,1,2477.67
pay_tx_100579,cust_7388,2888.69,INR,CREDIT_CARD,AXIS,6,1,incorrect_pin,CUSTOMER_CORRECTABLE,3,2,0.6,1,230,web_desktop,LOW,1,1,1,1,2888.69
pay_tx_100580,cust_7139,199.0,INR,UPI,SBI,17,3,bank_down,TEMPORARY_INFRASTRUCTURE,15,3,0.833,3,224,mobile_ios,LOW,0,0,1,1,199.0
pay_tx_100581,cust_1570,5758.76,INR,UPI,PAYTM_BANK,21,1,fraud_suspected,RISK_RELATED,8,8,0.5,1,573,web_desktop,HIGH,0,0,0,0,0.0
pay_tx_100582,cust_1128,2011.0,INR,NET_BANKING,SBI,9,0,insufficient_funds,INSUFFICIENT_FUNDS,24,3,0.889,1,290,mobile_ios,MEDIUM,0,0,0,0,0.0
pay_tx_100583,cust_7656,3785.47,INR,UPI,SBI,2,6,incorrect_pin,CUSTOMER_CORRECTABLE,24,7,0.774,1,563,web_mobile,MEDIUM,1,1,0,1,3785.47
pay_tx_100584,cust_2644,1809.19,INR,CREDIT_CARD,PAYTM_BANK,8,4,insufficient_funds,INSUFFICIENT_FUNDS,2,5,0.286,1,385,web_desktop,LOW,1,1,0,1,1809.19
pay_tx_100585,cust_8264,933.89,INR,CREDIT_CARD,HDFC,12,1,insufficient_funds,INSUFFICIENT_FUNDS,20,4,0.833,1,80,mobile_android,LOW,1,1,0,1,933.89
pay_tx_100586,cust_3131,1049.53,INR,WALLET,PAYTM_BANK,13,6,gateway_timeout,TEMPORARY_INFRASTRUCTURE,10,7,0.588,1,649,mobile_ios,LOW,0,1,0,1,1049.53
pay_tx_100587,cust_4254,3814.82,INR,UPI,AXIS,11,1,authentication_failed,CUSTOMER_CORRECTABLE,12,6,0.667,3,87,mobile_ios,LOW,1,1,0,1,3814.82
pay_tx_100588,cust_4747,4042.33,INR,UPI,AXIS,6,2,authentication_failed,CUSTOMER_CORRECTABLE,22,2,0.917,1,94,web_mobile,LOW,1,0,1,1,4042.33
pay_tx_100589,cust_2922,2840.38,INR,UPI,PAYTM_BANK,16,3,card_expired,PAYMENT_METHOD_PROBLEM,24,7,0.774,2,112,web_mobile,LOW,0,1,0,1,2840.38
pay_tx_100590,cust_5361,433.85,INR,DEBIT_CARD,PAYTM_BANK,15,3,bank_down,TEMPORARY_INFRASTRUCTURE,4,6,0.4,2,722,mobile_ios,HIGH,0,0,0,0,0.0
pay_tx_100591,cust_7693,1218.84,INR,CREDIT_CARD,HDFC,9,2,insufficient_funds,INSUFFICIENT_FUNDS,7,7,0.5,3,385,web_desktop,LOW,0,1,0,1,1218.84
pay_tx_100592,cust_6296,1899.04,INR,NET_BANKING,PAYTM_BANK,6,5,insufficient_funds,INSUFFICIENT_FUNDS,12,6,0.667,2,101,web_desktop,LOW,0,1,0,1,1899.04
pay_tx_100593,cust_8715,1374.27,INR,DEBIT_CARD,KOTAK,21,6,authentication_failed,CUSTOMER_CORRECTABLE,19,0,1.0,1,102,web_mobile,LOW,1,1,0,1,1374.27
pay_tx_100594,cust_1673,32700.27,INR,WALLET,ICICI,8,1,incorrect_pin,CUSTOMER_CORRECTABLE,16,7,0.696,3,434,web_mobile,MEDIUM,1,1,1,1,32700.27
pay_tx_100595,cust_5266,1857.45,INR,UPI,SBI,1,1,bank_down,TEMPORARY_INFRASTRUCTURE,15,4,0.789,2,371,web_mobile,LOW,0,1,0,1,1857.45
pay_tx_100596,cust_5321,4266.11,INR,WALLET,SBI,13,1,authentication_failed,CUSTOMER_CORRECTABLE,10,7,0.588,2,416,mobile_ios,LOW,0,1,1,1,4266.11
pay_tx_100597,cust_4095,4053.9,INR,CREDIT_CARD,HDFC,7,1,incorrect_pin,CUSTOMER_CORRECTABLE,1,7,0.125,1,383,web_mobile,LOW,0,0,1,1,4053.9
pay_tx_100598,cust_6841,2043.11,INR,WALLET,AXIS,14,3,insufficient_funds,INSUFFICIENT_FUNDS,3,2,0.6,1,685,mobile_android,LOW,1,0,0,1,2043.11
pay_tx_100599,cust_5469,2203.3,INR,WALLET,PAYTM_BANK,18,1,gateway_timeout,TEMPORARY_INFRASTRUCTURE,18,0,1.0,1,259,mobile_ios,LOW,1,1,0,1,2203.3
pay_tx_100600,cust_6384,2226.11,INR,UPI,SBI,21,5,card_expired,PAYMENT_METHOD_PROBLEM,3,6,0.333,1,300,mobile_android,MEDIUM,1,1,0,1,2226.11
pay_tx_100601,cust_8861,264.78,INR,NET_BANKING,PAYTM_BANK,8,4,incorrect_pin,CUSTOMER_CORRECTABLE,21,0,1.0,1,121,mobile_android,LOW,0,1,0,1,264.78
pay_tx_100602,cust_3118,1597.34,INR,CREDIT_CARD,YES_BANK,1,6,card_expired,PAYMENT_METHOD_PROBLEM,20,4,0.833,1,47,mobile_android,LOW,1,1,1,1,1597.34
pay_tx_100603,cust_5180,1853.93,INR,CREDIT_CARD,ICICI,12,0,fraud_suspected,RISK_RELATED,0,3,0.0,1,297,web_mobile,CRITICAL,0,0,0,0,0.0
pay_tx_100604,cust_5891,398.54,INR,NET_BANKING,YES_BANK,13,5,incorrect_pin,CUSTOMER_CORRECTABLE,25,4,0.862,3,148,mobile_ios,LOW,1,1,1,1,398.54
pay_tx_100605,cust_8298,8416.7,INR,NET_BANKING,AXIS,8,4,authentication_failed,CUSTOMER_CORRECTABLE,19,6,0.76,1,374,web_mobile,MEDIUM,1,1,1,1,8416.7
pay_tx_100606,cust_1662,3287.45,INR,WALLET,SBI,14,5,insufficient_funds,INSUFFICIENT_FUNDS,7,2,0.778,3,542,mobile_android,LOW,0,0,0,0,0.0
pay_tx_100607,cust_3434,683.33,INR,CREDIT_CARD,PAYTM_BANK,9,6,balance_low,INSUFFICIENT_FUNDS,7,8,0.467,1,76,mobile_android,LOW,0,1,0,1,683.33
pay_tx_100608,cust_7766,5912.37,INR,UPI,AXIS,21,5,bank_down,TEMPORARY_INFRASTRUCTURE,18,4,0.818,1,235,mobile_android,MEDIUM,1,1,1,1,5912.37
pay_tx_100609,cust_3985,663.7,INR,NET_BANKING,HDFC,2,3,incorrect_pin,CUSTOMER_CORRECTABLE,22,4,0.846,1,50,web_mobile,MEDIUM,1,1,1,1,663.7
pay_tx_100610,cust_4066,2256.77,INR,CREDIT_CARD,ICICI,2,5,bank_down,TEMPORARY_INFRASTRUCTURE,19,4,0.826,2,214,mobile_android,LOW,1,1,1,1,2256.77
pay_tx_100611,cust_8817,1177.4,INR,NET_BANKING,PAYTM_BANK,12,6,insufficient_funds,INSUFFICIENT_FUNDS,21,7,0.75,1,19,web_desktop,LOW,0,0,0,0,0.0
pay_tx_100612,cust_2435,11385.78,INR,CREDIT_CARD,ICICI,0,1,incorrect_pin,CUSTOMER_CORRECTABLE,3,0,1.0,1,63,mobile_ios,MEDIUM,1,1,1,1,11385.78
pay_tx_100613,cust_8139,1312.93,INR,WALLET,ICICI,2,2,gateway_timeout,TEMPORARY_INFRASTRUCTURE,24,7,0.774,1,175,web_mobile,LOW,1,1,0,1,1312.93
pay_tx_100614,cust_8947,3663.83,INR,NET_BANKING,HDFC,14,4,incorrect_pin,CUSTOMER_CORRECTABLE,7,3,0.7,1,50,web_mobile,LOW,1,1,0,1,3663.83
pay_tx_100615,cust_7810,3148.27,INR,NET_BANKING,PAYTM_BANK,18,4,authentication_failed,CUSTOMER_CORRECTABLE,23,8,0.742,3,288,mobile_android,LOW,1,1,0,1,3148.27
pay_tx_100616,cust_8993,816.99,INR,CREDIT_CARD,PAYTM_BANK,1,4,incorrect_pin,CUSTOMER_CORRECTABLE,0,6,0.0,1,341,mobile_android,LOW,0,0,1,1,816.99
pay_tx_100617,cust_6681,1850.07,INR,NET_BANKING,PAYTM_BANK,13,0,incorrect_pin,CUSTOMER_CORRECTABLE,5,4,0.556,2,787,web_mobile,LOW,1,1,0,1,1850.07
pay_tx_100618,cust_6556,1437.87,INR,WALLET,YES_BANK,22,5,bank_down,TEMPORARY_INFRASTRUCTURE,14,2,0.875,2,106,web_mobile,HIGH,0,0,0,0,0.0
pay_tx_100619,cust_8738,3187.17,INR,CREDIT_CARD,KOTAK,6,2,card_expired,PAYMENT_METHOD_PROBLEM,22,1,0.957,1,194,mobile_ios,LOW,1,1,0,1,3187.17
pay_tx_100620,cust_9089,1806.51,INR,DEBIT_CARD,ICICI,6,4,insufficient_funds,INSUFFICIENT_FUNDS,1,0,1.0,1,77,web_desktop,LOW,1,0,0,1,1806.51
pay_tx_100621,cust_1523,3734.68,INR,UPI,SBI,13,0,gateway_timeout,TEMPORARY_INFRASTRUCTURE,19,3,0.864,1,169,mobile_ios,LOW,0,1,0,1,3734.68
pay_tx_100622,cust_5382,2487.55,INR,CREDIT_CARD,YES_BANK,22,6,incorrect_pin,CUSTOMER_CORRECTABLE,16,1,0.941,2,916,web_mobile,MEDIUM,0,1,0,1,2487.55
pay_tx_100623,cust_2669,1344.22,INR,WALLET,HDFC,16,0,insufficient_funds,INSUFFICIENT_FUNDS,5,1,0.833,2,423,web_desktop,LOW,1,1,0,1,1344.22
pay_tx_100624,cust_2626,1454.67,INR,CREDIT_CARD,PAYTM_BANK,11,2,incorrect_pin,CUSTOMER_CORRECTABLE,4,1,0.8,2,144,web_mobile,HIGH,0,0,0,0,0.0
pay_tx_100625,cust_8760,8826.95,INR,DEBIT_CARD,SBI,16,1,card_expired,PAYMENT_METHOD_PROBLEM,2,4,0.333,1,34,web_mobile,LOW,0,1,0,1,8826.95
pay_tx_100626,cust_7909,6057.28,INR,CREDIT_CARD,ICICI,13,3,insufficient_funds,INSUFFICIENT_FUNDS,13,7,0.65,3,29,web_desktop,MEDIUM,0,0,0,0,0.0
pay_tx_100627,cust_9476,5277.02,INR,UPI,HDFC,10,2,insufficient_funds,INSUFFICIENT_FUNDS,12,2,0.857,1,252,web_mobile,MEDIUM,0,1,0,1,5277.02
pay_tx_100628,cust_1947,575.52,INR,WALLET,SBI,13,3,incorrect_pin,CUSTOMER_CORRECTABLE,21,8,0.724,2,179,web_desktop,MEDIUM,1,1,1,1,575.52
pay_tx_100629,cust_3406,4119.89,INR,NET_BANKING,AXIS,20,1,authentication_failed,CUSTOMER_CORRECTABLE,17,7,0.708,1,861,web_mobile,MEDIUM,0,1,1,1,4119.89
pay_tx_100630,cust_7389,276.69,INR,CREDIT_CARD,KOTAK,17,2,card_expired,PAYMENT_METHOD_PROBLEM,6,1,0.857,1,113,web_desktop,LOW,0,1,1,1,276.69
pay_tx_100631,cust_9846,366.36,INR,WALLET,SBI,7,6,balance_low,INSUFFICIENT_FUNDS,24,4,0.857,2,215,mobile_android,LOW,0,1,0,1,366.36
pay_tx_100632,cust_3028,5464.24,INR,UPI,YES_BANK,20,0,authentication_failed,CUSTOMER_CORRECTABLE,14,4,0.778,1,61,mobile_android,LOW,0,1,0,1,5464.24
pay_tx_100633,cust_9737,1782.0,INR,WALLET,ICICI,11,2,incorrect_pin,CUSTOMER_CORRECTABLE,9,2,0.818,2,464,mobile_ios,LOW,1,1,0,1,1782.0
pay_tx_100634,cust_8443,1091.26,INR,UPI,ICICI,22,3,incorrect_pin,CUSTOMER_CORRECTABLE,13,1,0.929,1,290,web_mobile,MEDIUM,1,1,1,1,1091.26
pay_tx_100635,cust_9622,7966.01,INR,NET_BANKING,KOTAK,17,4,card_expired,PAYMENT_METHOD_PROBLEM,24,6,0.8,2,94,web_mobile,LOW,0,1,0,1,7966.01
pay_tx_100636,cust_7830,213.94,INR,CREDIT_CARD,ICICI,16,1,insufficient_funds,INSUFFICIENT_FUNDS,15,7,0.682,1,317,mobile_android,LOW,1,1,1,1,213.94
pay_tx_100637,cust_7051,2744.11,INR,UPI,KOTAK,13,0,incorrect_pin,CUSTOMER_CORRECTABLE,3,5,0.375,1,167,mobile_android,LOW,1,1,1,1,2744.11
pay_tx_100638,cust_5816,803.64,INR,NET_BANKING,HDFC,4,1,fraud_suspected,RISK_RELATED,25,6,0.806,1,256,web_desktop,CRITICAL,0,0,0,0,0.0
pay_tx_100639,cust_3004,490.44,INR,WALLET,SBI,2,6,insufficient_funds,INSUFFICIENT_FUNDS,1,6,0.143,1,93,web_desktop,LOW,0,0,0,0,0.0
pay_tx_100640,cust_3175,4085.7,INR,CREDIT_CARD,KOTAK,20,3,card_expired,PAYMENT_METHOD_PROBLEM,24,7,0.774,1,86,mobile_ios,MEDIUM,1,1,0,1,4085.7
pay_tx_100641,cust_7711,227.93,INR,NET_BANKING,ICICI,12,2,insufficient_funds,INSUFFICIENT_FUNDS,17,0,1.0,3,140,web_mobile,LOW,0,0,0,0,0.0
pay_tx_100642,cust_6060,1035.58,INR,WALLET,PAYTM_BANK,3,5,insufficient_funds,INSUFFICIENT_FUNDS,17,1,0.944,1,350,mobile_android,HIGH,0,0,0,0,0.0
pay_tx_100643,cust_1305,882.7,INR,UPI,PAYTM_BANK,17,1,authentication_failed,CUSTOMER_CORRECTABLE,0,4,0.0,2,638,mobile_ios,MEDIUM,0,1,1,1,882.7
pay_tx_100644,cust_9741,2002.96,INR,WALLET,SBI,12,4,bank_down,TEMPORARY_INFRASTRUCTURE,1,7,0.125,2,123,mobile_android,LOW,1,1,0,1,2002.96
pay_tx_100645,cust_7258,2987.16,INR,DEBIT_CARD,HDFC,3,0,fraud_suspected,RISK_RELATED,17,2,0.895,1,631,mobile_ios,CRITICAL,0,0,0,0,0.0
pay_tx_100646,cust_3772,3946.33,INR,UPI,KOTAK,10,1,insufficient_funds,INSUFFICIENT_FUNDS,0,0,0.5,1,57,mobile_android,LOW,1,1,0,1,3946.33
pay_tx_100647,cust_2981,1140.51,INR,UPI,ICICI,7,6,authentication_failed,CUSTOMER_CORRECTABLE,19,3,0.864,1,301,web_mobile,MEDIUM,1,1,1,1,1140.51
pay_tx_100648,cust_2072,3744.59,INR,NET_BANKING,HDFC,13,5,gateway_timeout,TEMPORARY_INFRASTRUCTURE,7,0,1.0,1,216,mobile_android,LOW,1,1,1,1,3744.59
pay_tx_100649,cust_7664,1230.53,INR,NET_BANKING,HDFC,20,4,balance_low,INSUFFICIENT_FUNDS,6,2,0.75,1,783,mobile_ios,MEDIUM,0,1,0,1,1230.53
pay_tx_100650,cust_8401,4020.29,INR,UPI,HDFC,14,6,insufficient_funds,INSUFFICIENT_FUNDS,19,4,0.826,1,340,mobile_ios,LOW,0,1,0,1,4020.29
pay_tx_100651,cust_7228,925.23,INR,DEBIT_CARD,YES_BANK,20,1,insufficient_funds,INSUFFICIENT_FUNDS,18,8,0.692,1,91,mobile_ios,LOW,0,1,0,1,925.23
pay_tx_100652,cust_3014,3063.77,INR,CREDIT_CARD,PAYTM_BANK,17,2,card_expired,PAYMENT_METHOD_PROBLEM,13,3,0.812,1,433,web_desktop,MEDIUM,0,1,0,1,3063.77
pay_tx_100653,cust_8417,1795.94,INR,DEBIT_CARD,ICICI,21,2,insufficient_funds,INSUFFICIENT_FUNDS,10,3,0.769,1,403,web_desktop,LOW,0,1,1,1,1795.94
pay_tx_100654,cust_8807,4165.72,INR,UPI,HDFC,21,1,insufficient_funds,INSUFFICIENT_FUNDS,13,8,0.619,2,453,web_mobile,MEDIUM,0,0,0,0,0.0
pay_tx_100655,cust_2270,292.53,INR,WALLET,HDFC,21,3,bank_down,TEMPORARY_INFRASTRUCTURE,21,1,0.955,1,187,web_mobile,MEDIUM,1,1,0,1,292.53
pay_tx_100656,cust_1138,3297.1,INR,UPI,AXIS,11,1,incorrect_pin,CUSTOMER_CORRECTABLE,14,0,1.0,1,259,mobile_android,MEDIUM,1,1,1,1,3297.1
pay_tx_100657,cust_5967,4182.21,INR,CREDIT_CARD,ICICI,15,2,incorrect_pin,CUSTOMER_CORRECTABLE,1,4,0.2,1,340,mobile_ios,LOW,0,1,1,1,4182.21
pay_tx_100658,cust_5544,199.0,INR,WALLET,KOTAK,15,1,incorrect_pin,CUSTOMER_CORRECTABLE,17,3,0.85,1,528,mobile_ios,LOW,1,1,1,1,199.0
pay_tx_100659,cust_4734,1017.8,INR,WALLET,PAYTM_BANK,8,1,insufficient_funds,INSUFFICIENT_FUNDS,21,0,1.0,3,117,web_desktop,LOW,0,1,0,1,1017.8
pay_tx_100660,cust_1849,6450.57,INR,DEBIT_CARD,AXIS,13,2,insufficient_funds,INSUFFICIENT_FUNDS,3,8,0.273,1,389,web_desktop,LOW,1,0,1,1,6450.57
pay_tx_100661,cust_7882,7741.36,INR,WALLET,AXIS,10,0,customer_cancelled,CUSTOMER_ABANDONMENT,12,3,0.8,1,304,mobile_android,HIGH,0,0,0,0,0.0
pay_tx_100662,cust_5095,1160.8,INR,CREDIT_CARD,ICICI,10,2,authentication_failed,CUSTOMER_CORRECTABLE,2,1,0.667,1,278,web_mobile,MEDIUM,1,1,1,1,1160.8
pay_tx_100663,cust_5102,525.71,INR,CREDIT_CARD,HDFC,15,1,bank_down,TEMPORARY_INFRASTRUCTURE,10,0,1.0,2,68,mobile_ios,MEDIUM,0,1,0,1,525.71
pay_tx_100664,cust_8314,849.7,INR,WALLET,HDFC,2,0,incorrect_pin,CUSTOMER_CORRECTABLE,1,6,0.143,1,680,mobile_android,MEDIUM,1,0,1,1,849.7
pay_tx_100665,cust_8075,950.55,INR,UPI,HDFC,21,0,bank_down,TEMPORARY_INFRASTRUCTURE,17,0,1.0,1,43,web_mobile,LOW,1,1,0,1,950.55
pay_tx_100666,cust_1173,1499.55,INR,NET_BANKING,AXIS,14,6,balance_low,INSUFFICIENT_FUNDS,13,1,0.929,1,158,mobile_android,LOW,1,1,1,1,1499.55
pay_tx_100667,cust_2106,6911.06,INR,WALLET,YES_BANK,6,4,incorrect_pin,CUSTOMER_CORRECTABLE,4,8,0.333,1,648,web_mobile,LOW,0,1,1,1,6911.06
pay_tx_100668,cust_1722,1100.85,INR,UPI,ICICI,9,4,insufficient_funds,INSUFFICIENT_FUNDS,13,8,0.619,3,303,web_desktop,LOW,0,0,1,1,1100.85
pay_tx_100669,cust_6057,2731.33,INR,WALLET,SBI,9,2,incorrect_pin,CUSTOMER_CORRECTABLE,0,8,0.0,1,240,mobile_ios,LOW,0,0,0,0,0.0
pay_tx_100670,cust_7915,1371.31,INR,DEBIT_CARD,ICICI,6,5,card_expired,PAYMENT_METHOD_PROBLEM,6,1,0.857,1,110,web_mobile,LOW,0,1,1,1,1371.31
pay_tx_100671,cust_6499,199.0,INR,WALLET,SBI,13,2,insufficient_funds,INSUFFICIENT_FUNDS,5,1,0.833,1,109,mobile_android,LOW,0,1,0,1,199.0
pay_tx_100672,cust_8643,1635.78,INR,WALLET,ICICI,7,3,insufficient_funds,INSUFFICIENT_FUNDS,23,5,0.821,2,61,web_mobile,LOW,1,0,1,1,1635.78
pay_tx_100673,cust_2208,2318.6,INR,DEBIT_CARD,HDFC,17,0,authentication_failed,CUSTOMER_CORRECTABLE,4,4,0.5,1,263,web_desktop,LOW,1,1,1,1,2318.6
pay_tx_100674,cust_5292,938.22,INR,CREDIT_CARD,SBI,17,1,authentication_failed,CUSTOMER_CORRECTABLE,5,3,0.625,1,200,web_desktop,MEDIUM,1,1,1,1,938.22
pay_tx_100675,cust_2818,380.13,INR,DEBIT_CARD,ICICI,9,3,incorrect_pin,CUSTOMER_CORRECTABLE,7,5,0.583,2,447,mobile_ios,MEDIUM,0,0,0,0,0.0
pay_tx_100676,cust_2071,4787.08,INR,UPI,ICICI,4,6,bank_down,TEMPORARY_INFRASTRUCTURE,6,3,0.667,1,87,web_desktop,LOW,1,1,0,1,4787.08
pay_tx_100677,cust_4098,470.1,INR,WALLET,SBI,4,2,authentication_failed,CUSTOMER_CORRECTABLE,7,0,1.0,1,111,web_desktop,MEDIUM,0,0,0,0,0.0
pay_tx_100678,cust_4428,3504.39,INR,UPI,YES_BANK,15,6,incorrect_pin,CUSTOMER_CORRECTABLE,21,1,0.955,1,321,web_mobile,MEDIUM,1,1,1,1,3504.39
pay_tx_100679,cust_8606,6353.63,INR,CREDIT_CARD,SBI,22,2,insufficient_funds,INSUFFICIENT_FUNDS,16,7,0.696,2,551,web_mobile,LOW,0,1,0,1,6353.63
pay_tx_100680,cust_1599,287.92,INR,CREDIT_CARD,ICICI,6,3,insufficient_funds,INSUFFICIENT_FUNDS,7,6,0.538,1,363,web_mobile,MEDIUM,0,0,0,0,0.0
pay_tx_100681,cust_2388,6968.98,INR,CREDIT_CARD,YES_BANK,2,2,incorrect_pin,CUSTOMER_CORRECTABLE,14,8,0.636,1,190,mobile_android,LOW,1,1,1,1,6968.98
pay_tx_100682,cust_7700,1757.66,INR,DEBIT_CARD,YES_BANK,15,2,incorrect_pin,CUSTOMER_CORRECTABLE,8,6,0.571,1,217,web_mobile,LOW,0,1,1,1,1757.66
pay_tx_100683,cust_9220,1544.16,INR,WALLET,KOTAK,20,0,insufficient_funds,INSUFFICIENT_FUNDS,25,4,0.862,3,446,mobile_android,LOW,1,1,0,1,1544.16
pay_tx_100684,cust_6394,14757.41,INR,DEBIT_CARD,SBI,23,6,bank_down,TEMPORARY_INFRASTRUCTURE,24,4,0.857,1,624,mobile_ios,HIGH,0,0,0,0,0.0
pay_tx_100685,cust_1139,988.74,INR,DEBIT_CARD,SBI,11,6,incorrect_pin,CUSTOMER_CORRECTABLE,12,6,0.667,2,304,mobile_android,LOW,1,1,1,1,988.74
pay_tx_100686,cust_7512,705.91,INR,CREDIT_CARD,ICICI,23,5,insufficient_funds,INSUFFICIENT_FUNDS,6,7,0.462,1,138,web_mobile,LOW,0,0,1,1,705.91
pay_tx_100687,cust_4077,1668.01,INR,NET_BANKING,YES_BANK,22,3,card_expired,PAYMENT_METHOD_PROBLEM,6,7,0.462,1,135,mobile_android,LOW,0,1,0,1,1668.01
pay_tx_100688,cust_1158,901.39,INR,NET_BANKING,YES_BANK,21,6,fraud_suspected,RISK_RELATED,11,5,0.688,1,299,web_mobile,CRITICAL,0,0,0,0,0.0
pay_tx_100689,cust_1380,3293.22,INR,WALLET,YES_BANK,1,1,balance_low,INSUFFICIENT_FUNDS,4,5,0.444,1,352,web_mobile,HIGH,0,0,0,0,0.0
pay_tx_100690,cust_4085,3225.03,INR,NET_BANKING,HDFC,10,4,card_expired,PAYMENT_METHOD_PROBLEM,14,4,0.778,1,78,mobile_android,LOW,1,1,0,1,3225.03
pay_tx_100691,cust_1439,723.47,INR,CREDIT_CARD,ICICI,2,3,insufficient_funds,INSUFFICIENT_FUNDS,9,3,0.75,1,257,mobile_android,LOW,1,1,1,1,723.47
pay_tx_100692,cust_7731,6552.31,INR,NET_BANKING,ICICI,3,1,insufficient_funds,INSUFFICIENT_FUNDS,17,6,0.739,1,1043,mobile_android,LOW,0,1,0,1,6552.31
pay_tx_100693,cust_6075,2603.42,INR,NET_BANKING,YES_BANK,22,5,card_expired,PAYMENT_METHOD_PROBLEM,15,2,0.882,1,417,web_desktop,LOW,1,1,1,1,2603.42
pay_tx_100694,cust_1121,362.74,INR,CREDIT_CARD,AXIS,2,6,bank_down,TEMPORARY_INFRASTRUCTURE,12,3,0.8,1,409,web_mobile,LOW,1,1,1,1,362.74
pay_tx_100695,cust_8476,19752.17,INR,DEBIT_CARD,PAYTM_BANK,22,6,balance_low,INSUFFICIENT_FUNDS,9,6,0.6,1,128,mobile_ios,LOW,1,1,1,1,19752.17
pay_tx_100696,cust_7302,934.99,INR,CREDIT_CARD,PAYTM_BANK,18,0,insufficient_funds,INSUFFICIENT_FUNDS,12,0,1.0,1,456,mobile_ios,LOW,0,1,0,1,934.99
pay_tx_100697,cust_4559,1863.97,INR,NET_BANKING,AXIS,17,0,incorrect_pin,CUSTOMER_CORRECTABLE,11,1,0.917,2,32,web_desktop,LOW,1,1,1,1,1863.97
pay_tx_100698,cust_1437,1000.5,INR,UPI,PAYTM_BANK,22,5,bank_down,TEMPORARY_INFRASTRUCTURE,23,7,0.767,1,646,web_mobile,MEDIUM,1,1,1,1,1000.5
pay_tx_100699,cust_3236,1293.68,INR,DEBIT_CARD,PAYTM_BANK,23,3,incorrect_pin,CUSTOMER_CORRECTABLE,15,7,0.682,1,199,mobile_ios,LOW,1,1,1,1,1293.68
pay_tx_100700,cust_3643,4667.81,INR,CREDIT_CARD,YES_BANK,0,4,gateway_timeout,TEMPORARY_INFRASTRUCTURE,3,2,0.6,1,321,web_mobile,LOW,0,1,1,1,4667.81
pay_tx_100701,cust_8219,1214.92,INR,DEBIT_CARD,ICICI,6,5,insufficient_funds,INSUFFICIENT_FUNDS,1,8,0.111,1,149,mobile_android,MEDIUM,0,0,0,0,0.0
pay_tx_100702,cust_2684,62249.97,INR,NET_BANKING,PAYTM_BANK,9,3,insufficient_funds,INSUFFICIENT_FUNDS,1,0,1.0,1,576,web_mobile,MEDIUM,0,1,1,1,62249.97
pay_tx_100703,cust_2497,3223.55,INR,UPI,AXIS,0,0,insufficient_funds,INSUFFICIENT_FUNDS,10,3,0.769,1,371,mobile_android,LOW,0,0,0,0,0.0
pay_tx_100704,cust_3750,1555.35,INR,CREDIT_CARD,HDFC,13,4,insufficient_funds,INSUFFICIENT_FUNDS,3,5,0.375,1,319,mobile_ios,LOW,0,1,0,1,1555.35
pay_tx_100705,cust_4807,1372.3,INR,CREDIT_CARD,HDFC,11,2,authentication_failed,CUSTOMER_CORRECTABLE,5,0,1.0,1,118,web_desktop,LOW,1,1,0,1,1372.3
pay_tx_100706,cust_5562,2810.11,INR,WALLET,SBI,1,0,bank_down,TEMPORARY_INFRASTRUCTURE,6,6,0.5,1,194,web_mobile,HIGH,0,0,0,0,0.0
pay_tx_100707,cust_3809,2993.25,INR,DEBIT_CARD,HDFC,19,2,insufficient_funds,INSUFFICIENT_FUNDS,20,6,0.769,1,386,mobile_ios,LOW,0,0,1,1,2993.25
pay_tx_100708,cust_8899,3191.86,INR,UPI,SBI,0,4,incorrect_pin,CUSTOMER_CORRECTABLE,18,7,0.72,1,110,mobile_ios,LOW,0,1,1,1,3191.86
pay_tx_100709,cust_3032,1095.71,INR,DEBIT_CARD,ICICI,23,3,incorrect_pin,CUSTOMER_CORRECTABLE,24,3,0.889,1,197,mobile_android,LOW,1,1,1,1,1095.71
pay_tx_100710,cust_1621,5831.21,INR,CREDIT_CARD,PAYTM_BANK,19,3,authentication_failed,CUSTOMER_CORRECTABLE,23,5,0.821,1,473,web_desktop,LOW,1,1,0,1,5831.21
pay_tx_100711,cust_5726,771.63,INR,UPI,ICICI,23,2,incorrect_pin,CUSTOMER_CORRECTABLE,10,3,0.769,1,76,mobile_android,MEDIUM,1,1,0,1,771.63
pay_tx_100712,cust_4644,33258.3,INR,WALLET,YES_BANK,12,4,insufficient_funds,INSUFFICIENT_FUNDS,10,2,0.833,1,343,mobile_android,MEDIUM,0,1,1,1,33258.3
pay_tx_100713,cust_3318,346.15,INR,CREDIT_CARD,ICICI,2,1,incorrect_pin,CUSTOMER_CORRECTABLE,18,8,0.692,2,155,mobile_ios,LOW,1,1,1,1,346.15
pay_tx_100714,cust_4236,6158.94,INR,CREDIT_CARD,AXIS,5,4,insufficient_funds,INSUFFICIENT_FUNDS,7,4,0.636,1,911,web_mobile,HIGH,0,0,0,0,0.0
pay_tx_100715,cust_6891,17071.37,INR,NET_BANKING,AXIS,5,3,bank_down,TEMPORARY_INFRASTRUCTURE,14,6,0.7,1,333,web_mobile,MEDIUM,0,1,1,1,17071.37
pay_tx_100716,cust_7249,199.0,INR,NET_BANKING,YES_BANK,2,6,customer_cancelled,CUSTOMER_ABANDONMENT,9,8,0.529,1,250,mobile_ios,LOW,0,1,0,1,199.0
pay_tx_100717,cust_8878,535.57,INR,UPI,SBI,4,5,authentication_failed,CUSTOMER_CORRECTABLE,15,3,0.833,1,266,mobile_ios,LOW,0,1,1,1,535.57
pay_tx_100718,cust_7628,617.44,INR,NET_BANKING,AXIS,23,2,bank_down,TEMPORARY_INFRASTRUCTURE,12,7,0.632,1,179,mobile_android,LOW,1,0,1,1,617.44
pay_tx_100719,cust_3660,5065.16,INR,CREDIT_CARD,YES_BANK,13,2,incorrect_pin,CUSTOMER_CORRECTABLE,24,5,0.828,1,207,web_mobile,LOW,1,1,1,1,5065.16
pay_tx_100720,cust_7947,1261.92,INR,CREDIT_CARD,ICICI,15,0,card_expired,PAYMENT_METHOD_PROBLEM,11,0,1.0,1,240,mobile_ios,LOW,1,1,1,1,1261.92
pay_tx_100721,cust_3644,41980.13,INR,UPI,HDFC,2,5,bank_down,TEMPORARY_INFRASTRUCTURE,22,6,0.786,1,90,mobile_android,MEDIUM,0,1,1,1,41980.13
pay_tx_100722,cust_5951,2532.0,INR,WALLET,KOTAK,21,3,gateway_timeout,TEMPORARY_INFRASTRUCTURE,18,4,0.818,2,768,mobile_android,LOW,1,1,0,1,2532.0
pay_tx_100723,cust_5407,1696.39,INR,CREDIT_CARD,PAYTM_BANK,12,5,insufficient_funds,INSUFFICIENT_FUNDS,9,0,1.0,3,569,web_mobile,LOW,1,1,0,1,1696.39
pay_tx_100724,cust_5724,371.26,INR,NET_BANKING,ICICI,5,2,gateway_timeout,TEMPORARY_INFRASTRUCTURE,5,2,0.714,1,212,mobile_ios,LOW,1,1,1,1,371.26
pay_tx_100725,cust_4292,692.25,INR,UPI,PAYTM_BANK,5,6,insufficient_funds,INSUFFICIENT_FUNDS,24,3,0.889,1,237,web_mobile,LOW,0,1,0,1,692.25
pay_tx_100726,cust_2307,1717.48,INR,DEBIT_CARD,HDFC,12,0,incorrect_pin,CUSTOMER_CORRECTABLE,8,1,0.889,1,261,mobile_ios,LOW,1,1,1,1,1717.48
pay_tx_100727,cust_1118,5004.62,INR,WALLET,YES_BANK,1,0,fraud_suspected,RISK_RELATED,6,8,0.429,2,18,web_mobile,CRITICAL,0,0,0,0,0.0
pay_tx_100728,cust_8036,873.02,INR,DEBIT_CARD,SBI,21,2,insufficient_funds,INSUFFICIENT_FUNDS,10,3,0.769,3,293,web_mobile,LOW,1,1,0,1,873.02
pay_tx_100729,cust_2641,199.0,INR,UPI,AXIS,22,3,insufficient_funds,INSUFFICIENT_FUNDS,23,2,0.92,1,390,mobile_android,MEDIUM,1,1,0,1,199.0
pay_tx_100730,cust_7036,854.73,INR,NET_BANKING,KOTAK,21,5,insufficient_funds,INSUFFICIENT_FUNDS,15,8,0.652,1,215,mobile_ios,LOW,0,0,1,1,854.73
pay_tx_100731,cust_6901,5305.39,INR,UPI,YES_BANK,23,2,bank_down,TEMPORARY_INFRASTRUCTURE,21,7,0.75,1,587,web_mobile,LOW,1,1,1,1,5305.39
pay_tx_100732,cust_8800,3951.4,INR,UPI,PAYTM_BANK,12,2,authentication_failed,CUSTOMER_CORRECTABLE,19,3,0.864,2,88,mobile_android,LOW,0,1,0,1,3951.4
pay_tx_100733,cust_9990,3709.13,INR,NET_BANKING,ICICI,14,0,authentication_failed,CUSTOMER_CORRECTABLE,15,8,0.652,1,403,mobile_ios,LOW,0,1,1,1,3709.13
pay_tx_100734,cust_1478,3129.84,INR,CREDIT_CARD,SBI,12,6,card_expired,PAYMENT_METHOD_PROBLEM,8,3,0.727,2,651,web_mobile,HIGH,0,0,0,0,0.0
pay_tx_100735,cust_9060,1999.38,INR,UPI,YES_BANK,22,2,incorrect_pin,CUSTOMER_CORRECTABLE,7,1,0.875,1,634,web_mobile,MEDIUM,0,1,0,1,1999.38
pay_tx_100736,cust_8159,9740.46,INR,CREDIT_CARD,ICICI,8,0,incorrect_pin,CUSTOMER_CORRECTABLE,9,1,0.9,1,410,web_desktop,LOW,0,1,1,1,9740.46
pay_tx_100737,cust_7025,2580.89,INR,CREDIT_CARD,YES_BANK,10,3,customer_cancelled,CUSTOMER_ABANDONMENT,18,0,1.0,1,350,mobile_ios,MEDIUM,0,1,0,1,2580.89
pay_tx_100738,cust_3069,13904.24,INR,WALLET,PAYTM_BANK,19,4,customer_cancelled,CUSTOMER_ABANDONMENT,7,1,0.875,1,520,web_mobile,LOW,0,1,1,1,13904.24
pay_tx_100739,cust_8467,523.73,INR,CREDIT_CARD,KOTAK,9,1,authentication_failed,CUSTOMER_CORRECTABLE,23,0,1.0,1,335,web_desktop,LOW,1,1,0,1,523.73
pay_tx_100740,cust_8836,653.82,INR,CREDIT_CARD,AXIS,9,5,insufficient_funds,INSUFFICIENT_FUNDS,12,0,1.0,3,143,web_desktop,LOW,0,0,0,0,0.0
pay_tx_100741,cust_4687,1159.09,INR,UPI,YES_BANK,5,6,customer_cancelled,CUSTOMER_ABANDONMENT,15,6,0.714,1,64,mobile_ios,HIGH,0,0,0,0,0.0
pay_tx_100742,cust_6706,608.31,INR,NET_BANKING,AXIS,2,4,gateway_timeout,TEMPORARY_INFRASTRUCTURE,23,4,0.852,1,674,mobile_ios,LOW,1,1,1,1,608.31
pay_tx_100743,cust_1886,821.06,INR,DEBIT_CARD,AXIS,20,1,bank_down,TEMPORARY_INFRASTRUCTURE,18,2,0.9,1,454,web_mobile,LOW,1,1,0,1,821.06
pay_tx_100744,cust_1149,2222.1,INR,DEBIT_CARD,PAYTM_BANK,18,0,insufficient_funds,INSUFFICIENT_FUNDS,21,2,0.913,1,373,web_mobile,LOW,1,1,1,1,2222.1
pay_tx_100745,cust_8763,3702.17,INR,CREDIT_CARD,HDFC,3,4,incorrect_pin,CUSTOMER_CORRECTABLE,20,5,0.8,1,107,mobile_ios,LOW,1,1,1,1,3702.17
pay_tx_100746,cust_9005,5003.08,INR,DEBIT_CARD,PAYTM_BANK,19,1,gateway_timeout,TEMPORARY_INFRASTRUCTURE,20,6,0.769,2,79,mobile_android,MEDIUM,0,1,1,1,5003.08
pay_tx_100747,cust_8292,783.58,INR,DEBIT_CARD,HDFC,3,0,incorrect_pin,CUSTOMER_CORRECTABLE,2,1,0.667,1,380,mobile_ios,LOW,1,1,1,1,783.58
pay_tx_100748,cust_2549,539.01,INR,WALLET,ICICI,12,3,incorrect_pin,CUSTOMER_CORRECTABLE,20,6,0.769,1,30,mobile_ios,LOW,1,1,0,1,539.01
pay_tx_100749,cust_4029,2750.62,INR,NET_BANKING,YES_BANK,22,0,incorrect_pin,CUSTOMER_CORRECTABLE,12,8,0.6,2,52,web_mobile,LOW,0,1,0,1,2750.62
pay_tx_100750,cust_3033,4084.57,INR,CREDIT_CARD,PAYTM_BANK,3,1,customer_cancelled,CUSTOMER_ABANDONMENT,19,2,0.905,1,195,web_mobile,MEDIUM,1,1,1,1,4084.57
pay_tx_100751,cust_3641,2702.87,INR,UPI,KOTAK,8,6,insufficient_funds,INSUFFICIENT_FUNDS,24,0,1.0,1,316,mobile_android,LOW,1,1,1,1,2702.87
pay_tx_100752,cust_1001,4483.44,INR,CREDIT_CARD,SBI,1,4,gateway_timeout,TEMPORARY_INFRASTRUCTURE,25,4,0.862,1,388,web_mobile,LOW,1,1,0,1,4483.44
pay_tx_100753,cust_6769,533.78,INR,WALLET,KOTAK,16,1,incorrect_pin,CUSTOMER_CORRECTABLE,22,1,0.957,1,205,mobile_android,LOW,1,1,0,1,533.78
pay_tx_100754,cust_3198,2698.99,INR,WALLET,KOTAK,6,4,insufficient_funds,INSUFFICIENT_FUNDS,11,4,0.733,1,642,web_mobile,LOW,1,1,0,1,2698.99
pay_tx_100755,cust_7554,3814.19,INR,NET_BANKING,HDFC,8,5,card_expired,PAYMENT_METHOD_PROBLEM,13,2,0.867,1,605,mobile_android,LOW,1,1,0,1,3814.19
pay_tx_100756,cust_7097,2876.04,INR,WALLET,PAYTM_BANK,20,6,authentication_failed,CUSTOMER_CORRECTABLE,16,2,0.889,1,526,mobile_ios,LOW,0,1,0,1,2876.04
pay_tx_100757,cust_5055,2438.58,INR,UPI,SBI,3,4,authentication_failed,CUSTOMER_CORRECTABLE,3,8,0.273,1,511,web_desktop,LOW,1,1,1,1,2438.58
pay_tx_100758,cust_4698,1185.95,INR,DEBIT_CARD,HDFC,3,3,bank_down,TEMPORARY_INFRASTRUCTURE,7,6,0.538,3,691,mobile_android,LOW,0,1,0,1,1185.95
pay_tx_100759,cust_9021,3293.93,INR,UPI,KOTAK,11,5,balance_low,INSUFFICIENT_FUNDS,18,4,0.818,1,65,mobile_android,MEDIUM,1,0,1,1,3293.93
pay_tx_100760,cust_6655,2810.67,INR,WALLET,KOTAK,19,6,incorrect_pin,CUSTOMER_CORRECTABLE,12,7,0.632,1,391,web_desktop,LOW,1,1,1,1,2810.67
pay_tx_100761,cust_7206,5230.58,INR,WALLET,PAYTM_BANK,8,0,incorrect_pin,CUSTOMER_CORRECTABLE,23,5,0.821,2,851,mobile_ios,LOW,1,1,1,1,5230.58
pay_tx_100762,cust_6799,985.46,INR,NET_BANKING,KOTAK,9,2,insufficient_funds,INSUFFICIENT_FUNDS,13,8,0.619,3,855,mobile_ios,LOW,0,0,0,0,0.0
pay_tx_100763,cust_6123,1816.08,INR,UPI,PAYTM_BANK,2,0,bank_down,TEMPORARY_INFRASTRUCTURE,23,3,0.885,3,132,mobile_ios,LOW,1,1,0,1,1816.08
pay_tx_100764,cust_1175,1009.93,INR,NET_BANKING,PAYTM_BANK,16,5,authentication_failed,CUSTOMER_CORRECTABLE,4,7,0.364,1,375,mobile_android,LOW,0,0,0,0,0.0
pay_tx_100765,cust_7962,629.06,INR,WALLET,PAYTM_BANK,11,1,bank_down,TEMPORARY_INFRASTRUCTURE,23,8,0.742,1,190,mobile_android,LOW,0,1,0,1,629.06
pay_tx_100766,cust_9577,2726.59,INR,CREDIT_CARD,ICICI,2,2,card_expired,PAYMENT_METHOD_PROBLEM,4,8,0.333,1,687,mobile_android,LOW,1,1,1,1,2726.59
pay_tx_100767,cust_5092,5038.03,INR,WALLET,YES_BANK,3,2,gateway_timeout,TEMPORARY_INFRASTRUCTURE,9,7,0.562,1,258,mobile_ios,LOW,1,1,0,1,5038.03
pay_tx_100768,cust_9446,3532.52,INR,UPI,AXIS,19,6,insufficient_funds,INSUFFICIENT_FUNDS,15,0,1.0,1,299,web_mobile,LOW,1,1,0,1,3532.52
pay_tx_100769,cust_4050,454.31,INR,NET_BANKING,SBI,0,0,balance_low,INSUFFICIENT_FUNDS,13,7,0.65,1,767,mobile_ios,LOW,0,1,0,1,454.31
pay_tx_100770,cust_5098,11939.69,INR,CREDIT_CARD,AXIS,12,2,incorrect_pin,CUSTOMER_CORRECTABLE,9,5,0.643,1,235,mobile_ios,LOW,1,0,0,1,11939.69
pay_tx_100771,cust_8198,1051.54,INR,CREDIT_CARD,ICICI,11,5,authentication_failed,CUSTOMER_CORRECTABLE,13,0,1.0,1,88,mobile_ios,LOW,1,1,1,1,1051.54
pay_tx_100772,cust_6426,3817.13,INR,UPI,ICICI,21,1,customer_cancelled,CUSTOMER_ABANDONMENT,15,4,0.789,1,392,web_mobile,LOW,0,0,0,0,0.0
pay_tx_100773,cust_7551,688.71,INR,WALLET,PAYTM_BANK,23,6,gateway_timeout,TEMPORARY_INFRASTRUCTURE,12,2,0.857,1,302,mobile_android,MEDIUM,1,1,1,1,688.71
pay_tx_100774,cust_4874,4838.76,INR,UPI,PAYTM_BANK,10,3,insufficient_funds,INSUFFICIENT_FUNDS,19,0,1.0,1,162,web_desktop,LOW,1,1,0,1,4838.76
pay_tx_100775,cust_9376,1428.3,INR,CREDIT_CARD,ICICI,8,6,gateway_timeout,TEMPORARY_INFRASTRUCTURE,3,4,0.429,3,212,mobile_ios,LOW,1,1,0,1,1428.3
pay_tx_100776,cust_2688,738.12,INR,WALLET,KOTAK,5,1,incorrect_pin,CUSTOMER_CORRECTABLE,18,2,0.9,1,217,mobile_ios,LOW,1,1,1,1,738.12
pay_tx_100777,cust_1289,281.93,INR,WALLET,ICICI,2,6,incorrect_pin,CUSTOMER_CORRECTABLE,1,6,0.143,1,203,web_desktop,LOW,0,1,1,1,281.93
pay_tx_100778,cust_2005,1353.17,INR,WALLET,AXIS,20,0,card_expired,PAYMENT_METHOD_PROBLEM,9,1,0.9,1,238,web_desktop,MEDIUM,0,1,0,1,1353.17
pay_tx_100779,cust_3977,3214.19,INR,UPI,HDFC,1,5,card_expired,PAYMENT_METHOD_PROBLEM,23,5,0.821,1,81,web_mobile,LOW,1,1,1,1,3214.19
pay_tx_100780,cust_9049,517.78,INR,DEBIT_CARD,SBI,9,0,incorrect_pin,CUSTOMER_CORRECTABLE,3,0,1.0,1,128,mobile_ios,LOW,1,1,0,1,517.78
pay_tx_100781,cust_9664,381.71,INR,WALLET,SBI,7,5,incorrect_pin,CUSTOMER_CORRECTABLE,8,3,0.727,1,383,mobile_android,MEDIUM,1,1,1,1,381.71
pay_tx_100782,cust_4120,926.2,INR,CREDIT_CARD,PAYTM_BANK,14,0,insufficient_funds,INSUFFICIENT_FUNDS,2,8,0.2,1,243,web_desktop,LOW,0,1,0,1,926.2
pay_tx_100783,cust_1717,653.2,INR,CREDIT_CARD,ICICI,13,4,authentication_failed,CUSTOMER_CORRECTABLE,22,4,0.846,2,186,web_desktop,MEDIUM,1,1,0,1,653.2
pay_tx_100784,cust_2109,2594.97,INR,NET_BANKING,AXIS,16,4,authentication_failed,CUSTOMER_CORRECTABLE,25,0,1.0,1,324,web_desktop,LOW,1,1,1,1,2594.97
pay_tx_100785,cust_4116,541.93,INR,NET_BANKING,AXIS,21,4,authentication_failed,CUSTOMER_CORRECTABLE,16,1,0.941,1,234,web_mobile,LOW,1,1,1,1,541.93
pay_tx_100786,cust_1058,665.36,INR,CREDIT_CARD,KOTAK,6,4,gateway_timeout,TEMPORARY_INFRASTRUCTURE,22,0,1.0,2,228,web_mobile,LOW,0,1,0,1,665.36
pay_tx_100787,cust_5855,843.31,INR,DEBIT_CARD,KOTAK,3,1,card_expired,PAYMENT_METHOD_PROBLEM,7,0,1.0,1,799,web_desktop,LOW,1,0,0,1,843.31
pay_tx_100788,cust_5430,4802.93,INR,UPI,PAYTM_BANK,7,6,customer_cancelled,CUSTOMER_ABANDONMENT,6,8,0.429,1,334,web_desktop,LOW,0,1,0,1,4802.93
pay_tx_100789,cust_9999,199.0,INR,DEBIT_CARD,PAYTM_BANK,4,3,risk_declined,RISK_RELATED,19,4,0.826,1,199,mobile_android,HIGH,0,0,0,0,0.0
pay_tx_100790,cust_3895,4985.0,INR,DEBIT_CARD,HDFC,17,5,authentication_failed,CUSTOMER_CORRECTABLE,24,1,0.96,2,239,web_mobile,MEDIUM,1,1,0,1,4985.0
pay_tx_100791,cust_4377,13973.62,INR,NET_BANKING,ICICI,10,2,gateway_timeout,TEMPORARY_INFRASTRUCTURE,6,6,0.5,1,483,mobile_ios,LOW,1,1,1,1,13973.62
pay_tx_100792,cust_9125,1164.67,INR,CREDIT_CARD,AXIS,5,6,insufficient_funds,INSUFFICIENT_FUNDS,5,3,0.625,1,691,mobile_ios,LOW,1,1,1,1,1164.67
pay_tx_100793,cust_7458,1301.42,INR,WALLET,ICICI,2,1,incorrect_pin,CUSTOMER_CORRECTABLE,2,6,0.25,1,829,web_mobile,LOW,1,1,0,1,1301.42
pay_tx_100794,cust_2633,12722.8,INR,NET_BANKING,AXIS,0,0,bank_down,TEMPORARY_INFRASTRUCTURE,0,0,0.5,1,311,mobile_android,LOW,0,1,0,1,12722.8
pay_tx_100795,cust_1153,292.96,INR,UPI,KOTAK,23,6,bank_down,TEMPORARY_INFRASTRUCTURE,10,1,0.909,1,294,web_mobile,MEDIUM,0,1,1,1,292.96
pay_tx_100796,cust_8846,484.56,INR,CREDIT_CARD,ICICI,1,4,insufficient_funds,INSUFFICIENT_FUNDS,22,4,0.846,1,149,mobile_android,LOW,1,1,1,1,484.56
pay_tx_100797,cust_7804,946.77,INR,CREDIT_CARD,HDFC,7,0,insufficient_funds,INSUFFICIENT_FUNDS,7,6,0.538,1,91,web_desktop,LOW,1,0,0,1,946.77
pay_tx_100798,cust_2841,2355.83,INR,NET_BANKING,ICICI,3,1,card_expired,PAYMENT_METHOD_PROBLEM,3,4,0.429,1,135,web_desktop,LOW,0,0,0,0,0.0
pay_tx_100799,cust_3475,1371.1,INR,CREDIT_CARD,AXIS,16,2,gateway_timeout,TEMPORARY_INFRASTRUCTURE,19,2,0.905,1,160,mobile_ios,MEDIUM,0,1,1,1,1371.1
pay_tx_100800,cust_2702,3231.34,INR,DEBIT_CARD,AXIS,21,2,insufficient_funds,INSUFFICIENT_FUNDS,8,1,0.889,2,337,mobile_ios,MEDIUM,1,1,0,1,3231.34
pay_tx_100801,cust_8838,1249.66,INR,UPI,HDFC,18,3,insufficient_funds,INSUFFICIENT_FUNDS,23,4,0.852,1,368,web_desktop,HIGH,0,0,0,0,0.0
pay_tx_100802,cust_7944,7901.25,INR,NET_BANKING,PAYTM_BANK,13,4,incorrect_pin,CUSTOMER_CORRECTABLE,25,5,0.833,1,24,mobile_ios,LOW,1,1,1,1,7901.25
pay_tx_100803,cust_9785,896.46,INR,CREDIT_CARD,AXIS,2,4,authentication_failed,CUSTOMER_CORRECTABLE,22,6,0.786,1,108,mobile_ios,LOW,1,1,0,1,896.46
pay_tx_100804,cust_1281,811.32,INR,DEBIT_CARD,KOTAK,15,1,customer_cancelled,CUSTOMER_ABANDONMENT,3,0,1.0,3,18,web_desktop,MEDIUM,0,0,0,0,0.0
pay_tx_100805,cust_3361,199.0,INR,WALLET,AXIS,7,1,incorrect_pin,CUSTOMER_CORRECTABLE,7,0,1.0,2,165,mobile_android,HIGH,0,0,0,0,0.0
pay_tx_100806,cust_7958,961.51,INR,DEBIT_CARD,HDFC,22,0,gateway_timeout,TEMPORARY_INFRASTRUCTURE,21,1,0.955,1,626,mobile_ios,LOW,1,1,1,1,961.51
pay_tx_100807,cust_7823,2142.03,INR,CREDIT_CARD,YES_BANK,5,3,authentication_failed,CUSTOMER_CORRECTABLE,23,2,0.92,2,361,web_desktop,LOW,1,1,0,1,2142.03
pay_tx_100808,cust_1216,85000.0,INR,DEBIT_CARD,HDFC,4,0,incorrect_pin,CUSTOMER_CORRECTABLE,20,0,1.0,1,754,mobile_ios,MEDIUM,1,1,1,1,85000.0
pay_tx_100809,cust_8443,1711.94,INR,WALLET,PAYTM_BANK,8,4,insufficient_funds,INSUFFICIENT_FUNDS,16,4,0.8,2,176,web_mobile,MEDIUM,1,1,0,1,1711.94
pay_tx_100810,cust_3050,912.51,INR,CREDIT_CARD,AXIS,19,0,authentication_failed,CUSTOMER_CORRECTABLE,7,6,0.538,1,319,mobile_android,MEDIUM,1,1,0,1,912.51
pay_tx_100811,cust_7233,1097.25,INR,CREDIT_CARD,HDFC,11,5,gateway_timeout,TEMPORARY_INFRASTRUCTURE,13,3,0.812,1,88,mobile_android,LOW,1,1,1,1,1097.25
pay_tx_100812,cust_5623,951.08,INR,CREDIT_CARD,KOTAK,3,0,card_expired,PAYMENT_METHOD_PROBLEM,6,0,1.0,2,326,web_desktop,LOW,1,0,1,1,951.08
pay_tx_100813,cust_2393,4115.89,INR,WALLET,KOTAK,1,4,balance_low,INSUFFICIENT_FUNDS,25,7,0.781,1,806,web_desktop,LOW,1,0,0,1,4115.89
pay_tx_100814,cust_7523,2033.84,INR,WALLET,ICICI,10,6,card_expired,PAYMENT_METHOD_PROBLEM,12,5,0.706,3,594,mobile_android,LOW,0,1,0,1,2033.84
pay_tx_100815,cust_3460,1431.34,INR,UPI,KOTAK,12,3,fraud_suspected,RISK_RELATED,18,0,1.0,1,237,mobile_ios,CRITICAL,0,0,0,0,0.0
pay_tx_100816,cust_4794,1572.66,INR,CREDIT_CARD,YES_BANK,21,5,authentication_failed,CUSTOMER_CORRECTABLE,4,2,0.667,3,293,web_desktop,LOW,1,1,0,1,1572.66
pay_tx_100817,cust_8059,5130.64,INR,UPI,PAYTM_BANK,21,3,balance_low,INSUFFICIENT_FUNDS,7,3,0.7,3,171,mobile_android,HIGH,0,0,0,0,0.0
pay_tx_100818,cust_1244,621.98,INR,CREDIT_CARD,YES_BANK,9,4,insufficient_funds,INSUFFICIENT_FUNDS,25,1,0.962,1,484,web_mobile,LOW,0,1,1,1,621.98
pay_tx_100819,cust_6952,5173.25,INR,DEBIT_CARD,HDFC,2,1,risk_declined,RISK_RELATED,22,7,0.759,1,657,web_mobile,CRITICAL,0,0,0,0,0.0
pay_tx_100820,cust_3031,875.87,INR,WALLET,AXIS,1,2,insufficient_funds,INSUFFICIENT_FUNDS,9,6,0.6,1,208,mobile_ios,LOW,0,1,1,1,875.87
pay_tx_100821,cust_2367,5978.26,INR,NET_BANKING,KOTAK,14,2,balance_low,INSUFFICIENT_FUNDS,21,0,1.0,1,170,mobile_android,LOW,1,1,1,1,5978.26
pay_tx_100822,cust_2725,3899.39,INR,DEBIT_CARD,AXIS,5,4,incorrect_pin,CUSTOMER_CORRECTABLE,12,1,0.923,1,214,web_mobile,LOW,1,1,1,1,3899.39
pay_tx_100823,cust_8616,2667.42,INR,UPI,HDFC,5,5,incorrect_pin,CUSTOMER_CORRECTABLE,3,6,0.333,2,87,mobile_ios,LOW,1,1,0,1,2667.42
pay_tx_100824,cust_4483,2002.7,INR,NET_BANKING,HDFC,8,3,insufficient_funds,INSUFFICIENT_FUNDS,1,8,0.111,1,563,web_mobile,LOW,1,0,0,1,2002.7
pay_tx_100825,cust_7230,4595.76,INR,UPI,YES_BANK,11,6,authentication_failed,CUSTOMER_CORRECTABLE,13,7,0.65,1,107,mobile_ios,MEDIUM,0,1,1,1,4595.76
pay_tx_100826,cust_3885,14718.14,INR,UPI,ICICI,2,2,customer_cancelled,CUSTOMER_ABANDONMENT,12,1,0.923,1,540,web_mobile,MEDIUM,0,0,0,0,0.0
pay_tx_100827,cust_1880,479.36,INR,UPI,AXIS,10,6,incorrect_pin,CUSTOMER_CORRECTABLE,9,2,0.818,1,160,web_mobile,LOW,1,1,0,1,479.36
pay_tx_100828,cust_8156,508.84,INR,DEBIT_CARD,PAYTM_BANK,18,3,gateway_timeout,TEMPORARY_INFRASTRUCTURE,0,8,0.0,2,324,mobile_ios,LOW,0,1,1,1,508.84
pay_tx_100829,cust_6185,911.94,INR,UPI,ICICI,14,1,insufficient_funds,INSUFFICIENT_FUNDS,15,5,0.75,1,32,web_mobile,LOW,0,0,0,0,0.0
pay_tx_100830,cust_3059,1665.1,INR,NET_BANKING,PAYTM_BANK,18,0,insufficient_funds,INSUFFICIENT_FUNDS,1,3,0.25,2,471,mobile_ios,LOW,0,1,0,1,1665.1
pay_tx_100831,cust_6703,2052.69,INR,CREDIT_CARD,ICICI,21,4,card_expired,PAYMENT_METHOD_PROBLEM,0,5,0.0,2,370,mobile_android,LOW,1,0,1,1,2052.69
pay_tx_100832,cust_9177,2297.95,INR,NET_BANKING,AXIS,13,2,authentication_failed,CUSTOMER_CORRECTABLE,11,8,0.579,1,420,web_desktop,LOW,1,1,1,1,2297.95
pay_tx_100833,cust_3664,2556.69,INR,WALLET,AXIS,12,2,insufficient_funds,INSUFFICIENT_FUNDS,21,6,0.778,1,226,mobile_android,HIGH,0,0,0,0,0.0
pay_tx_100834,cust_7738,2022.41,INR,UPI,AXIS,23,6,insufficient_funds,INSUFFICIENT_FUNDS,19,8,0.704,1,673,web_mobile,LOW,0,1,0,1,2022.41
pay_tx_100835,cust_4471,3723.96,INR,CREDIT_CARD,YES_BANK,14,4,bank_down,TEMPORARY_INFRASTRUCTURE,12,1,0.923,1,107,web_mobile,HIGH,0,0,0,0,0.0
pay_tx_100836,cust_7484,1984.21,INR,UPI,SBI,7,4,authentication_failed,CUSTOMER_CORRECTABLE,9,4,0.692,2,320,web_desktop,LOW,0,0,0,0,0.0
pay_tx_100837,cust_1068,1500.7,INR,NET_BANKING,HDFC,0,0,risk_declined,RISK_RELATED,4,5,0.444,2,32,web_desktop,CRITICAL,0,0,0,0,0.0
pay_tx_100838,cust_7412,643.9,INR,CREDIT_CARD,KOTAK,20,3,incorrect_pin,CUSTOMER_CORRECTABLE,1,6,0.143,1,178,web_mobile,HIGH,0,0,0,0,0.0
pay_tx_100839,cust_8166,17417.4,INR,CREDIT_CARD,HDFC,22,6,authentication_failed,CUSTOMER_CORRECTABLE,4,8,0.333,1,356,web_mobile,MEDIUM,0,1,1,1,17417.4
pay_tx_100840,cust_6282,282.37,INR,CREDIT_CARD,HDFC,2,0,gateway_timeout,TEMPORARY_INFRASTRUCTURE,13,0,1.0,1,232,mobile_ios,LOW,0,0,1,1,282.37
pay_tx_100841,cust_7265,8874.67,INR,UPI,PAYTM_BANK,23,1,insufficient_funds,INSUFFICIENT_FUNDS,14,5,0.737,1,153,mobile_ios,LOW,0,1,0,1,8874.67
pay_tx_100842,cust_7194,6285.84,INR,DEBIT_CARD,PAYTM_BANK,1,2,incorrect_pin,CUSTOMER_CORRECTABLE,2,2,0.5,1,56,mobile_android,LOW,0,1,1,1,6285.84
pay_tx_100843,cust_5292,199.0,INR,CREDIT_CARD,HDFC,2,3,insufficient_funds,INSUFFICIENT_FUNDS,11,3,0.786,1,561,web_mobile,MEDIUM,1,1,0,1,199.0
pay_tx_100844,cust_4445,1037.12,INR,NET_BANKING,AXIS,10,5,insufficient_funds,INSUFFICIENT_FUNDS,14,2,0.875,1,182,mobile_android,MEDIUM,0,1,0,1,1037.12
pay_tx_100845,cust_2920,2272.21,INR,DEBIT_CARD,SBI,15,4,authentication_failed,CUSTOMER_CORRECTABLE,19,8,0.704,1,347,web_desktop,MEDIUM,1,1,1,1,2272.21
pay_tx_100846,cust_9384,199.0,INR,CREDIT_CARD,ICICI,11,0,incorrect_pin,CUSTOMER_CORRECTABLE,6,0,1.0,1,142,mobile_ios,LOW,1,1,1,1,199.0
pay_tx_100847,cust_4264,1940.66,INR,UPI,SBI,22,4,bank_down,TEMPORARY_INFRASTRUCTURE,20,4,0.833,1,346,web_mobile,LOW,0,0,1,1,1940.66
pay_tx_100848,cust_4242,569.48,INR,DEBIT_CARD,AXIS,3,4,authentication_failed,CUSTOMER_CORRECTABLE,25,4,0.862,1,212,mobile_ios,HIGH,0,0,0,0,0.0
pay_tx_100849,cust_5451,894.41,INR,DEBIT_CARD,KOTAK,3,4,insufficient_funds,INSUFFICIENT_FUNDS,12,6,0.667,1,295,web_desktop,LOW,0,1,1,1,894.41
pay_tx_100850,cust_1553,7265.47,INR,WALLET,SBI,18,3,gateway_timeout,TEMPORARY_INFRASTRUCTURE,9,8,0.529,1,190,mobile_android,LOW,0,1,1,1,7265.47
pay_tx_100851,cust_5019,348.62,INR,UPI,ICICI,21,2,incorrect_pin,CUSTOMER_CORRECTABLE,11,2,0.846,2,136,mobile_android,LOW,0,1,1,1,348.62
pay_tx_100852,cust_6268,14500.29,INR,CREDIT_CARD,KOTAK,2,3,bank_down,TEMPORARY_INFRASTRUCTURE,9,3,0.75,1,118,mobile_android,LOW,0,0,0,0,0.0
pay_tx_100853,cust_2225,427.27,INR,WALLET,PAYTM_BANK,13,5,incorrect_pin,CUSTOMER_CORRECTABLE,24,6,0.8,1,180,web_desktop,LOW,1,1,1,1,427.27
pay_tx_100854,cust_5496,1616.37,INR,NET_BANKING,HDFC,3,3,incorrect_pin,CUSTOMER_CORRECTABLE,5,5,0.5,1,160,mobile_ios,LOW,1,1,0,1,1616.37
pay_tx_100855,cust_1076,293.72,INR,NET_BANKING,SBI,4,6,authentication_failed,CUSTOMER_CORRECTABLE,12,0,1.0,2,317,mobile_android,LOW,1,1,0,1,293.72
pay_tx_100856,cust_7800,2369.22,INR,DEBIT_CARD,SBI,10,6,bank_down,TEMPORARY_INFRASTRUCTURE,11,6,0.647,1,409,web_desktop,LOW,1,1,0,1,2369.22
pay_tx_100857,cust_9082,2304.9,INR,UPI,YES_BANK,11,4,bank_down,TEMPORARY_INFRASTRUCTURE,3,0,1.0,1,717,mobile_android,LOW,0,1,0,1,2304.9
pay_tx_100858,cust_4708,4583.36,INR,CREDIT_CARD,HDFC,6,5,incorrect_pin,CUSTOMER_CORRECTABLE,25,5,0.833,2,373,mobile_android,MEDIUM,0,1,0,1,4583.36
pay_tx_100859,cust_2815,7636.07,INR,UPI,SBI,2,2,insufficient_funds,INSUFFICIENT_FUNDS,10,6,0.625,1,278,mobile_ios,MEDIUM,0,1,1,1,7636.07
pay_tx_100860,cust_3424,1446.62,INR,WALLET,YES_BANK,13,5,gateway_timeout,TEMPORARY_INFRASTRUCTURE,14,1,0.933,1,314,mobile_ios,LOW,0,0,1,1,1446.62
pay_tx_100861,cust_8908,199.0,INR,CREDIT_CARD,HDFC,8,6,authentication_failed,CUSTOMER_CORRECTABLE,9,1,0.9,1,278,mobile_ios,LOW,0,1,1,1,199.0
pay_tx_100862,cust_9103,1614.29,INR,UPI,ICICI,0,5,card_expired,PAYMENT_METHOD_PROBLEM,6,7,0.462,2,340,mobile_ios,LOW,1,0,0,1,1614.29
pay_tx_100863,cust_9420,6311.13,INR,DEBIT_CARD,YES_BANK,9,5,balance_low,INSUFFICIENT_FUNDS,14,2,0.875,2,380,mobile_android,MEDIUM,1,1,0,1,6311.13
pay_tx_100864,cust_9412,774.12,INR,CREDIT_CARD,YES_BANK,12,1,risk_declined,RISK_RELATED,2,4,0.333,1,454,web_desktop,HIGH,0,0,0,0,0.0
pay_tx_100865,cust_4941,13087.03,INR,UPI,AXIS,5,2,bank_down,TEMPORARY_INFRASTRUCTURE,0,7,0.0,1,519,web_mobile,LOW,1,1,1,1,13087.03
pay_tx_100866,cust_4474,383.07,INR,CREDIT_CARD,AXIS,16,3,insufficient_funds,INSUFFICIENT_FUNDS,16,5,0.762,1,378,web_desktop,LOW,1,1,0,1,383.07
pay_tx_100867,cust_4177,448.48,INR,DEBIT_CARD,ICICI,12,1,incorrect_pin,CUSTOMER_CORRECTABLE,19,4,0.826,1,199,web_mobile,LOW,1,1,1,1,448.48
pay_tx_100868,cust_2819,2883.54,INR,CREDIT_CARD,HDFC,1,0,incorrect_pin,CUSTOMER_CORRECTABLE,18,4,0.818,1,301,mobile_android,LOW,0,1,1,1,2883.54
pay_tx_100869,cust_7437,6364.23,INR,UPI,ICICI,23,6,incorrect_pin,CUSTOMER_CORRECTABLE,22,4,0.846,1,727,mobile_ios,MEDIUM,1,1,1,1,6364.23
pay_tx_100870,cust_1050,3259.89,INR,UPI,ICICI,16,5,balance_low,INSUFFICIENT_FUNDS,19,7,0.731,2,186,mobile_ios,LOW,0,1,1,1,3259.89
pay_tx_100871,cust_8458,199.0,INR,CREDIT_CARD,HDFC,21,3,incorrect_pin,CUSTOMER_CORRECTABLE,13,5,0.722,1,602,web_desktop,MEDIUM,1,1,1,1,199.0
pay_tx_100872,cust_6769,1624.44,INR,NET_BANKING,KOTAK,0,3,authentication_failed,CUSTOMER_CORRECTABLE,7,7,0.5,1,242,mobile_android,LOW,0,1,0,1,1624.44
pay_tx_100873,cust_3741,1899.97,INR,CREDIT_CARD,YES_BANK,3,0,insufficient_funds,INSUFFICIENT_FUNDS,9,5,0.643,1,345,web_desktop,HIGH,0,0,0,0,0.0
pay_tx_100874,cust_1222,3191.24,INR,DEBIT_CARD,SBI,22,2,insufficient_funds,INSUFFICIENT_FUNDS,16,7,0.696,1,201,mobile_android,LOW,1,1,0,1,3191.24
pay_tx_100875,cust_6852,1605.33,INR,NET_BANKING,HDFC,7,4,gateway_timeout,TEMPORARY_INFRASTRUCTURE,23,6,0.793,1,150,mobile_android,LOW,0,1,0,1,1605.33
pay_tx_100876,cust_9927,773.44,INR,NET_BANKING,KOTAK,5,2,gateway_timeout,TEMPORARY_INFRASTRUCTURE,21,5,0.808,2,135,web_mobile,LOW,0,1,1,1,773.44
pay_tx_100877,cust_9520,1583.2,INR,DEBIT_CARD,YES_BANK,19,0,insufficient_funds,INSUFFICIENT_FUNDS,13,7,0.65,1,113,web_desktop,LOW,0,1,0,1,1583.2
pay_tx_100878,cust_8640,199.0,INR,CREDIT_CARD,KOTAK,9,4,insufficient_funds,INSUFFICIENT_FUNDS,17,2,0.895,1,184,web_desktop,LOW,1,1,1,1,199.0
pay_tx_100879,cust_3022,409.56,INR,UPI,AXIS,9,0,authentication_failed,CUSTOMER_CORRECTABLE,13,5,0.722,1,271,mobile_android,LOW,1,1,0,1,409.56
pay_tx_100880,cust_9224,873.23,INR,WALLET,ICICI,2,5,incorrect_pin,CUSTOMER_CORRECTABLE,8,2,0.8,3,349,mobile_ios,LOW,0,1,1,1,873.23
pay_tx_100881,cust_6810,452.49,INR,CREDIT_CARD,YES_BANK,21,5,bank_down,TEMPORARY_INFRASTRUCTURE,12,6,0.667,1,41,mobile_android,MEDIUM,0,1,1,1,452.49
pay_tx_100882,cust_8140,1610.1,INR,DEBIT_CARD,YES_BANK,18,1,bank_down,TEMPORARY_INFRASTRUCTURE,21,3,0.875,1,177,web_mobile,LOW,1,1,0,1,1610.1
pay_tx_100883,cust_8555,372.2,INR,WALLET,ICICI,12,6,customer_cancelled,CUSTOMER_ABANDONMENT,13,1,0.929,1,432,web_mobile,LOW,0,0,0,0,0.0
pay_tx_100884,cust_6803,543.13,INR,NET_BANKING,AXIS,13,3,insufficient_funds,INSUFFICIENT_FUNDS,14,0,1.0,3,130,mobile_android,HIGH,0,0,0,0,0.0
pay_tx_100885,cust_5954,5827.68,INR,CREDIT_CARD,KOTAK,16,2,bank_down,TEMPORARY_INFRASTRUCTURE,4,8,0.333,2,363,web_desktop,LOW,0,1,0,1,5827.68
pay_tx_100886,cust_8582,480.87,INR,WALLET,AXIS,1,0,card_expired,PAYMENT_METHOD_PROBLEM,1,4,0.2,2,191,mobile_android,LOW,1,1,0,1,480.87
pay_tx_100887,cust_6428,430.03,INR,UPI,HDFC,23,4,incorrect_pin,CUSTOMER_CORRECTABLE,21,8,0.724,2,466,mobile_android,LOW,1,1,0,1,430.03
pay_tx_100888,cust_3234,5279.28,INR,CREDIT_CARD,PAYTM_BANK,20,6,customer_cancelled,CUSTOMER_ABANDONMENT,4,4,0.5,1,798,mobile_android,MEDIUM,0,1,1,1,5279.28
pay_tx_100889,cust_3507,27944.68,INR,WALLET,HDFC,16,0,insufficient_funds,INSUFFICIENT_FUNDS,7,3,0.7,1,148,mobile_android,HIGH,0,0,0,0,0.0
pay_tx_100890,cust_8925,4252.47,INR,CREDIT_CARD,YES_BANK,7,6,gateway_timeout,TEMPORARY_INFRASTRUCTURE,17,4,0.81,2,33,web_mobile,MEDIUM,0,1,0,1,4252.47
pay_tx_100891,cust_4027,2257.95,INR,CREDIT_CARD,YES_BANK,23,5,gateway_timeout,TEMPORARY_INFRASTRUCTURE,7,2,0.778,1,341,mobile_ios,LOW,1,1,0,1,2257.95
pay_tx_100892,cust_9076,576.64,INR,DEBIT_CARD,PAYTM_BANK,8,3,card_expired,PAYMENT_METHOD_PROBLEM,12,1,0.923,1,140,web_mobile,LOW,1,1,1,1,576.64
pay_tx_100893,cust_5960,5326.65,INR,UPI,PAYTM_BANK,20,5,insufficient_funds,INSUFFICIENT_FUNDS,19,7,0.731,1,347,web_desktop,HIGH,0,0,0,0,0.0
pay_tx_100894,cust_3593,13368.67,INR,DEBIT_CARD,KOTAK,16,1,bank_down,TEMPORARY_INFRASTRUCTURE,11,8,0.579,1,676,mobile_android,LOW,1,1,0,1,13368.67
pay_tx_100895,cust_8528,247.66,INR,CREDIT_CARD,SBI,21,2,card_expired,PAYMENT_METHOD_PROBLEM,12,1,0.923,3,161,web_mobile,LOW,1,1,0,1,247.66
pay_tx_100896,cust_9306,512.77,INR,WALLET,SBI,4,5,bank_down,TEMPORARY_INFRASTRUCTURE,10,5,0.667,1,427,web_mobile,LOW,1,1,1,1,512.77
pay_tx_100897,cust_2740,2541.48,INR,NET_BANKING,PAYTM_BANK,15,2,gateway_timeout,TEMPORARY_INFRASTRUCTURE,24,3,0.889,3,103,mobile_ios,LOW,0,1,1,1,2541.48
pay_tx_100898,cust_7882,654.44,INR,UPI,HDFC,19,2,authentication_failed,CUSTOMER_CORRECTABLE,3,0,1.0,2,578,mobile_android,LOW,1,1,1,1,654.44
pay_tx_100899,cust_3851,1095.0,INR,DEBIT_CARD,HDFC,22,3,incorrect_pin,CUSTOMER_CORRECTABLE,12,2,0.857,3,27,mobile_ios,LOW,1,1,1,1,1095.0
pay_tx_100900,cust_3655,500.18,INR,NET_BANKING,YES_BANK,16,6,authentication_failed,CUSTOMER_CORRECTABLE,25,3,0.893,1,832,mobile_android,LOW,1,1,0,1,500.18
pay_tx_100901,cust_1085,6056.78,INR,DEBIT_CARD,YES_BANK,13,4,fraud_suspected,RISK_RELATED,17,1,0.944,1,77,web_mobile,HIGH,0,0,0,0,0.0
pay_tx_100902,cust_6768,2256.69,INR,DEBIT_CARD,KOTAK,17,6,authentication_failed,CUSTOMER_CORRECTABLE,4,1,0.8,1,479,web_mobile,MEDIUM,1,1,1,1,2256.69
pay_tx_100903,cust_2653,244.13,INR,UPI,AXIS,7,0,balance_low,INSUFFICIENT_FUNDS,19,8,0.704,1,516,mobile_ios,MEDIUM,1,0,1,1,244.13
pay_tx_100904,cust_6863,3070.42,INR,UPI,YES_BANK,5,2,insufficient_funds,INSUFFICIENT_FUNDS,2,8,0.2,1,133,web_desktop,LOW,1,0,1,1,3070.42
pay_tx_100905,cust_8716,3729.01,INR,DEBIT_CARD,PAYTM_BANK,0,0,card_expired,PAYMENT_METHOD_PROBLEM,10,6,0.625,1,312,web_desktop,MEDIUM,1,1,0,1,3729.01
pay_tx_100906,cust_6400,2810.57,INR,UPI,ICICI,15,0,insufficient_funds,INSUFFICIENT_FUNDS,25,0,1.0,1,279,mobile_android,MEDIUM,0,1,1,1,2810.57
pay_tx_100907,cust_8844,628.11,INR,CREDIT_CARD,SBI,23,0,bank_down,TEMPORARY_INFRASTRUCTURE,3,0,1.0,1,135,mobile_ios,LOW,1,1,0,1,628.11
pay_tx_100908,cust_4731,1358.68,INR,UPI,HDFC,0,6,card_expired,PAYMENT_METHOD_PROBLEM,25,3,0.893,1,259,web_mobile,LOW,0,1,1,1,1358.68
pay_tx_100909,cust_7180,4017.84,INR,CREDIT_CARD,AXIS,22,3,insufficient_funds,INSUFFICIENT_FUNDS,17,2,0.895,1,845,mobile_android,MEDIUM,0,1,1,1,4017.84
pay_tx_100910,cust_8152,2386.86,INR,UPI,ICICI,7,0,incorrect_pin,CUSTOMER_CORRECTABLE,18,0,1.0,1,397,mobile_android,HIGH,0,0,0,0,0.0
pay_tx_100911,cust_2255,5206.63,INR,UPI,ICICI,14,1,incorrect_pin,CUSTOMER_CORRECTABLE,9,0,1.0,1,417,mobile_ios,HIGH,0,0,0,0,0.0
pay_tx_100912,cust_2258,602.13,INR,UPI,SBI,17,1,insufficient_funds,INSUFFICIENT_FUNDS,15,5,0.75,2,615,mobile_ios,LOW,1,1,0,1,602.13
pay_tx_100913,cust_5001,7363.12,INR,WALLET,SBI,10,5,fraud_suspected,RISK_RELATED,17,8,0.68,1,276,web_desktop,CRITICAL,0,0,0,0,0.0
pay_tx_100914,cust_4335,642.88,INR,CREDIT_CARD,YES_BANK,16,1,authentication_failed,CUSTOMER_CORRECTABLE,9,8,0.529,1,255,web_desktop,LOW,0,1,1,1,642.88
pay_tx_100915,cust_8213,277.61,INR,NET_BANKING,HDFC,0,3,insufficient_funds,INSUFFICIENT_FUNDS,1,4,0.2,1,668,web_mobile,LOW,0,1,0,1,277.61
pay_tx_100916,cust_7290,851.26,INR,NET_BANKING,HDFC,12,3,incorrect_pin,CUSTOMER_CORRECTABLE,14,0,1.0,1,198,web_mobile,LOW,1,1,1,1,851.26
pay_tx_100917,cust_9872,9919.3,INR,DEBIT_CARD,HDFC,19,6,customer_cancelled,CUSTOMER_ABANDONMENT,10,4,0.714,2,587,mobile_ios,MEDIUM,0,0,0,0,0.0
pay_tx_100918,cust_8004,2712.51,INR,UPI,YES_BANK,3,4,insufficient_funds,INSUFFICIENT_FUNDS,12,4,0.75,2,735,web_mobile,LOW,0,0,1,1,2712.51
pay_tx_100919,cust_7247,581.37,INR,NET_BANKING,PAYTM_BANK,7,1,insufficient_funds,INSUFFICIENT_FUNDS,0,4,0.0,2,321,web_desktop,LOW,1,0,0,1,581.37
pay_tx_100920,cust_7465,586.69,INR,UPI,KOTAK,8,2,authentication_failed,CUSTOMER_CORRECTABLE,8,4,0.667,2,529,mobile_android,LOW,1,1,1,1,586.69
pay_tx_100921,cust_3929,6461.68,INR,NET_BANKING,AXIS,0,3,customer_cancelled,CUSTOMER_ABANDONMENT,0,7,0.0,1,769,web_desktop,LOW,0,1,1,1,6461.68
pay_tx_100922,cust_2303,1807.36,INR,DEBIT_CARD,KOTAK,17,2,incorrect_pin,CUSTOMER_CORRECTABLE,2,7,0.222,1,910,web_desktop,LOW,1,1,1,1,1807.36
pay_tx_100923,cust_1812,535.01,INR,CREDIT_CARD,HDFC,20,0,incorrect_pin,CUSTOMER_CORRECTABLE,5,8,0.385,2,239,web_desktop,LOW,0,1,0,1,535.01
pay_tx_100924,cust_5244,556.26,INR,DEBIT_CARD,HDFC,21,6,authentication_failed,CUSTOMER_CORRECTABLE,11,8,0.579,2,289,mobile_ios,LOW,1,1,0,1,556.26
pay_tx_100925,cust_4882,611.01,INR,CREDIT_CARD,SBI,18,2,insufficient_funds,INSUFFICIENT_FUNDS,21,6,0.778,1,530,web_mobile,MEDIUM,1,1,0,1,611.01
pay_tx_100926,cust_6488,3197.75,INR,NET_BANKING,PAYTM_BANK,11,3,authentication_failed,CUSTOMER_CORRECTABLE,9,0,1.0,1,92,mobile_android,LOW,1,1,1,1,3197.75
pay_tx_100927,cust_4464,4923.14,INR,DEBIT_CARD,KOTAK,22,6,authentication_failed,CUSTOMER_CORRECTABLE,23,8,0.742,2,701,web_desktop,MEDIUM,1,1,0,1,4923.14
pay_tx_100928,cust_3458,3600.71,INR,NET_BANKING,YES_BANK,20,0,bank_down,TEMPORARY_INFRASTRUCTURE,2,3,0.4,1,67,web_mobile,LOW,1,1,0,1,3600.71
pay_tx_100929,cust_8738,1512.07,INR,WALLET,KOTAK,14,2,authentication_failed,CUSTOMER_CORRECTABLE,8,3,0.727,2,413,web_desktop,MEDIUM,1,0,0,1,1512.07
pay_tx_100930,cust_4782,1351.25,INR,NET_BANKING,SBI,23,0,insufficient_funds,INSUFFICIENT_FUNDS,22,3,0.88,1,99,web_mobile,LOW,1,1,0,1,1351.25
pay_tx_100931,cust_8932,7910.93,INR,WALLET,ICICI,14,6,insufficient_funds,INSUFFICIENT_FUNDS,13,3,0.812,1,198,mobile_ios,MEDIUM,1,0,0,1,7910.93
pay_tx_100932,cust_3263,12193.99,INR,WALLET,SBI,9,2,balance_low,INSUFFICIENT_FUNDS,10,1,0.909,1,162,web_mobile,LOW,1,1,0,1,12193.99
pay_tx_100933,cust_4245,1201.0,INR,CREDIT_CARD,AXIS,0,1,fraud_suspected,RISK_RELATED,3,6,0.333,1,151,web_mobile,HIGH,0,0,0,0,0.0
pay_tx_100934,cust_3735,1482.14,INR,UPI,ICICI,16,6,authentication_failed,CUSTOMER_CORRECTABLE,16,6,0.727,3,349,web_desktop,LOW,0,1,1,1,1482.14
pay_tx_100935,cust_6518,557.99,INR,DEBIT_CARD,KOTAK,19,4,insufficient_funds,INSUFFICIENT_FUNDS,3,0,1.0,1,86,web_desktop,MEDIUM,0,1,0,1,557.99
pay_tx_100936,cust_8138,238.7,INR,DEBIT_CARD,YES_BANK,15,5,customer_cancelled,CUSTOMER_ABANDONMENT,4,2,0.667,2,38,mobile_android,LOW,1,0,0,1,238.7
pay_tx_100937,cust_8430,355.48,INR,NET_BANKING,SBI,14,1,insufficient_funds,INSUFFICIENT_FUNDS,16,4,0.8,3,161,mobile_android,LOW,0,1,0,1,355.48
pay_tx_100938,cust_9604,2237.92,INR,WALLET,KOTAK,13,2,balance_low,INSUFFICIENT_FUNDS,10,6,0.625,1,335,mobile_ios,HIGH,0,0,0,0,0.0
pay_tx_100939,cust_4451,2115.99,INR,NET_BANKING,KOTAK,8,4,authentication_failed,CUSTOMER_CORRECTABLE,19,5,0.792,1,649,web_desktop,LOW,1,1,1,1,2115.99
pay_tx_100940,cust_3774,15813.76,INR,DEBIT_CARD,SBI,19,6,insufficient_funds,INSUFFICIENT_FUNDS,3,3,0.5,1,199,mobile_ios,LOW,0,1,1,1,15813.76
pay_tx_100941,cust_1651,568.25,INR,WALLET,KOTAK,6,0,card_expired,PAYMENT_METHOD_PROBLEM,15,0,1.0,1,947,web_desktop,MEDIUM,1,1,1,1,568.25
pay_tx_100942,cust_8435,7545.14,INR,DEBIT_CARD,HDFC,22,5,authentication_failed,CUSTOMER_CORRECTABLE,3,7,0.3,2,531,web_mobile,LOW,0,0,0,0,0.0
pay_tx_100943,cust_2908,918.98,INR,DEBIT_CARD,YES_BANK,2,5,incorrect_pin,CUSTOMER_CORRECTABLE,25,3,0.893,2,456,web_desktop,LOW,1,1,0,1,918.98
pay_tx_100944,cust_2213,2136.39,INR,DEBIT_CARD,HDFC,13,0,insufficient_funds,INSUFFICIENT_FUNDS,22,8,0.733,1,235,mobile_android,MEDIUM,0,1,0,1,2136.39
pay_tx_100945,cust_4607,1651.11,INR,CREDIT_CARD,SBI,15,1,authentication_failed,CUSTOMER_CORRECTABLE,15,2,0.882,2,361,web_desktop,LOW,1,1,1,1,1651.11
pay_tx_100946,cust_4509,10796.05,INR,UPI,AXIS,2,3,incorrect_pin,CUSTOMER_CORRECTABLE,17,3,0.85,2,998,mobile_android,LOW,1,1,0,1,10796.05
pay_tx_100947,cust_6713,1112.9,INR,NET_BANKING,KOTAK,21,1,card_expired,PAYMENT_METHOD_PROBLEM,9,3,0.75,2,289,web_mobile,LOW,0,1,0,1,1112.9
pay_tx_100948,cust_5840,1605.81,INR,UPI,ICICI,3,6,customer_cancelled,CUSTOMER_ABANDONMENT,24,4,0.857,1,344,web_mobile,LOW,0,1,0,1,1605.81
pay_tx_100949,cust_6224,199.0,INR,UPI,SBI,22,3,balance_low,INSUFFICIENT_FUNDS,22,2,0.917,2,209,web_mobile,MEDIUM,0,1,0,1,199.0
pay_tx_100950,cust_1474,21083.26,INR,DEBIT_CARD,SBI,16,1,fraud_suspected,RISK_RELATED,25,6,0.806,1,140,web_desktop,CRITICAL,0,0,0,0,0.0
pay_tx_100951,cust_7966,1114.66,INR,NET_BANKING,SBI,1,2,bank_down,TEMPORARY_INFRASTRUCTURE,15,3,0.833,1,157,mobile_android,LOW,1,1,1,1,1114.66
pay_tx_100952,cust_4378,1515.6,INR,UPI,KOTAK,19,2,customer_cancelled,CUSTOMER_ABANDONMENT,4,8,0.333,1,73,mobile_android,MEDIUM,1,0,0,1,1515.6
pay_tx_100953,cust_2039,954.7,INR,UPI,KOTAK,6,2,incorrect_pin,CUSTOMER_CORRECTABLE,17,3,0.85,3,341,web_mobile,MEDIUM,1,1,0,1,954.7
pay_tx_100954,cust_6431,2986.47,INR,NET_BANKING,ICICI,17,5,insufficient_funds,INSUFFICIENT_FUNDS,7,0,1.0,1,302,mobile_android,MEDIUM,1,1,0,1,2986.47
pay_tx_100955,cust_1692,9522.75,INR,CREDIT_CARD,SBI,9,0,bank_down,TEMPORARY_INFRASTRUCTURE,7,3,0.7,1,351,mobile_android,MEDIUM,1,1,0,1,9522.75
pay_tx_100956,cust_5423,9094.92,INR,UPI,HDFC,2,4,fraud_suspected,RISK_RELATED,23,6,0.793,1,998,mobile_ios,HIGH,0,0,0,0,0.0
pay_tx_100957,cust_6114,5254.52,INR,DEBIT_CARD,AXIS,16,5,bank_down,TEMPORARY_INFRASTRUCTURE,0,4,0.0,1,74,mobile_ios,LOW,0,1,1,1,5254.52
pay_tx_100958,cust_8037,2568.97,INR,UPI,ICICI,13,4,authentication_failed,CUSTOMER_CORRECTABLE,8,7,0.533,1,278,mobile_ios,LOW,0,1,0,1,2568.97
pay_tx_100959,cust_9955,12165.41,INR,UPI,AXIS,7,4,bank_down,TEMPORARY_INFRASTRUCTURE,0,6,0.0,2,229,web_mobile,LOW,1,1,1,1,12165.41
pay_tx_100960,cust_2370,688.17,INR,UPI,KOTAK,5,1,incorrect_pin,CUSTOMER_CORRECTABLE,15,3,0.833,1,168,web_mobile,LOW,1,1,1,1,688.17
pay_tx_100961,cust_4808,400.95,INR,UPI,YES_BANK,15,2,insufficient_funds,INSUFFICIENT_FUNDS,13,4,0.765,2,895,mobile_ios,LOW,0,1,0,1,400.95
pay_tx_100962,cust_5393,1849.34,INR,CREDIT_CARD,YES_BANK,17,6,incorrect_pin,CUSTOMER_CORRECTABLE,15,8,0.652,1,84,mobile_ios,LOW,0,1,0,1,1849.34
pay_tx_100963,cust_2334,13833.76,INR,UPI,AXIS,22,0,customer_cancelled,CUSTOMER_ABANDONMENT,12,2,0.857,2,826,mobile_ios,LOW,1,1,0,1,13833.76
pay_tx_100964,cust_2862,2231.31,INR,UPI,AXIS,15,1,bank_down,TEMPORARY_INFRASTRUCTURE,20,8,0.714,1,70,web_mobile,LOW,1,1,1,1,2231.31
pay_tx_100965,cust_5441,1047.9,INR,WALLET,SBI,19,2,incorrect_pin,CUSTOMER_CORRECTABLE,18,2,0.9,1,210,mobile_ios,MEDIUM,0,1,1,1,1047.9
pay_tx_100966,cust_8735,1925.06,INR,NET_BANKING,ICICI,10,5,insufficient_funds,INSUFFICIENT_FUNDS,23,2,0.92,1,95,web_mobile,LOW,1,1,1,1,1925.06
pay_tx_100967,cust_1091,5845.22,INR,DEBIT_CARD,PAYTM_BANK,6,1,incorrect_pin,CUSTOMER_CORRECTABLE,22,1,0.957,1,23,web_desktop,LOW,1,1,1,1,5845.22
pay_tx_100968,cust_4703,7217.82,INR,DEBIT_CARD,PAYTM_BANK,0,1,insufficient_funds,INSUFFICIENT_FUNDS,8,4,0.667,2,626,web_mobile,LOW,1,1,0,1,7217.82
pay_tx_100969,cust_5173,1171.95,INR,WALLET,KOTAK,20,5,insufficient_funds,INSUFFICIENT_FUNDS,6,1,0.857,1,237,mobile_android,LOW,1,1,1,1,1171.95
pay_tx_100970,cust_9557,11341.62,INR,WALLET,PAYTM_BANK,12,2,insufficient_funds,INSUFFICIENT_FUNDS,18,4,0.818,3,402,web_mobile,LOW,1,1,1,1,11341.62
pay_tx_100971,cust_3400,1221.19,INR,CREDIT_CARD,ICICI,15,6,incorrect_pin,CUSTOMER_CORRECTABLE,0,5,0.0,1,210,mobile_android,LOW,0,1,0,1,1221.19
pay_tx_100972,cust_5957,3340.25,INR,WALLET,YES_BANK,3,1,authentication_failed,CUSTOMER_CORRECTABLE,17,6,0.739,1,843,web_mobile,LOW,1,1,1,1,3340.25
pay_tx_100973,cust_2281,1451.31,INR,WALLET,YES_BANK,6,1,insufficient_funds,INSUFFICIENT_FUNDS,20,4,0.833,2,187,web_mobile,LOW,0,0,0,0,0.0
pay_tx_100974,cust_8133,1908.87,INR,DEBIT_CARD,ICICI,0,6,insufficient_funds,INSUFFICIENT_FUNDS,11,7,0.611,2,260,web_desktop,LOW,1,1,0,1,1908.87
pay_tx_100975,cust_4129,2663.96,INR,NET_BANKING,SBI,5,5,incorrect_pin,CUSTOMER_CORRECTABLE,0,3,0.0,1,238,mobile_ios,LOW,1,1,1,1,2663.96
pay_tx_100976,cust_5157,7824.27,INR,WALLET,HDFC,19,2,insufficient_funds,INSUFFICIENT_FUNDS,1,4,0.2,1,115,web_mobile,LOW,0,1,0,1,7824.27
pay_tx_100977,cust_1498,3046.43,INR,NET_BANKING,KOTAK,20,3,customer_cancelled,CUSTOMER_ABANDONMENT,15,2,0.882,1,353,mobile_android,LOW,1,0,1,1,3046.43
pay_tx_100978,cust_3898,695.99,INR,CREDIT_CARD,HDFC,13,6,insufficient_funds,INSUFFICIENT_FUNDS,3,0,1.0,1,341,mobile_android,LOW,0,1,0,1,695.99
pay_tx_100979,cust_1273,3305.34,INR,DEBIT_CARD,YES_BANK,21,6,risk_declined,RISK_RELATED,10,2,0.833,3,11,web_desktop,HIGH,0,0,0,0,0.0
pay_tx_100980,cust_2007,567.48,INR,UPI,ICICI,16,1,incorrect_pin,CUSTOMER_CORRECTABLE,23,4,0.852,1,716,web_mobile,LOW,1,1,1,1,567.48
pay_tx_100981,cust_1052,899.52,INR,DEBIT_CARD,SBI,17,2,bank_down,TEMPORARY_INFRASTRUCTURE,3,5,0.375,1,84,mobile_android,LOW,1,1,1,1,899.52
pay_tx_100982,cust_2415,200.73,INR,CREDIT_CARD,SBI,18,5,authentication_failed,CUSTOMER_CORRECTABLE,0,2,0.0,2,96,mobile_ios,LOW,0,0,0,0,0.0
pay_tx_100983,cust_6042,1597.0,INR,CREDIT_CARD,PAYTM_BANK,23,1,authentication_failed,CUSTOMER_CORRECTABLE,9,0,1.0,1,78,web_desktop,LOW,1,1,1,1,1597.0
pay_tx_100984,cust_4084,4083.61,INR,DEBIT_CARD,ICICI,5,2,incorrect_pin,CUSTOMER_CORRECTABLE,8,7,0.533,1,123,web_mobile,LOW,1,1,1,1,4083.61
pay_tx_100985,cust_3793,2689.26,INR,UPI,YES_BANK,18,3,insufficient_funds,INSUFFICIENT_FUNDS,4,8,0.333,1,649,web_mobile,LOW,0,0,1,1,2689.26
pay_tx_100986,cust_9253,9431.36,INR,WALLET,YES_BANK,23,6,card_expired,PAYMENT_METHOD_PROBLEM,8,1,0.889,1,315,mobile_ios,LOW,1,1,1,1,9431.36
pay_tx_100987,cust_4054,476.33,INR,NET_BANKING,ICICI,14,4,insufficient_funds,INSUFFICIENT_FUNDS,10,5,0.667,1,243,mobile_android,LOW,1,1,0,1,476.33
pay_tx_100988,cust_3600,2740.93,INR,NET_BANKING,AXIS,10,2,insufficient_funds,INSUFFICIENT_FUNDS,20,1,0.952,1,1119,web_desktop,LOW,1,1,1,1,2740.93
pay_tx_100989,cust_8478,199.0,INR,WALLET,KOTAK,22,3,card_expired,PAYMENT_METHOD_PROBLEM,23,6,0.793,1,243,mobile_ios,LOW,1,1,0,1,199.0
pay_tx_100990,cust_5918,3899.69,INR,UPI,ICICI,16,0,incorrect_pin,CUSTOMER_CORRECTABLE,13,6,0.684,2,274,web_mobile,LOW,1,1,1,1,3899.69
pay_tx_100991,cust_9586,2390.71,INR,CREDIT_CARD,KOTAK,4,1,authentication_failed,CUSTOMER_CORRECTABLE,21,5,0.808,2,130,mobile_android,HIGH,0,0,0,0,0.0
pay_tx_100992,cust_8515,5710.51,INR,NET_BANKING,ICICI,14,0,incorrect_pin,CUSTOMER_CORRECTABLE,21,2,0.913,1,260,mobile_ios,LOW,1,1,1,1,5710.51
pay_tx_100993,cust_2477,2380.08,INR,CREDIT_CARD,ICICI,21,4,customer_cancelled,CUSTOMER_ABANDONMENT,24,5,0.828,1,521,mobile_ios,LOW,0,0,0,0,0.0
pay_tx_100994,cust_8738,1265.25,INR,NET_BANKING,YES_BANK,14,5,card_expired,PAYMENT_METHOD_PROBLEM,7,1,0.875,1,599,web_desktop,MEDIUM,1,1,0,1,1265.25
pay_tx_100995,cust_7956,393.83,INR,WALLET,AXIS,17,0,insufficient_funds,INSUFFICIENT_FUNDS,11,7,0.611,1,309,mobile_android,LOW,0,0,1,1,393.83
pay_tx_100996,cust_6568,679.63,INR,WALLET,YES_BANK,0,4,authentication_failed,CUSTOMER_CORRECTABLE,19,6,0.76,3,95,mobile_ios,LOW,1,1,1,1,679.63
pay_tx_100997,cust_6563,18114.01,INR,NET_BANKING,PAYTM_BANK,5,3,incorrect_pin,CUSTOMER_CORRECTABLE,4,4,0.5,1,80,web_mobile,LOW,0,1,1,1,18114.01
pay_tx_100998,cust_9476,1969.44,INR,UPI,AXIS,2,2,incorrect_pin,CUSTOMER_CORRECTABLE,21,1,0.955,1,73,web_mobile,MEDIUM,1,1,1,1,1969.44
pay_tx_100999,cust_7291,8002.43,INR,NET_BANKING,HDFC,15,5,incorrect_pin,CUSTOMER_CORRECTABLE,21,6,0.778,1,180,mobile_android,LOW,1,1,0,1,8002.43
pay_tx_101000,cust_8377,6516.26,INR,WALLET,SBI,15,5,balance_low,INSUFFICIENT_FUNDS,10,8,0.556,3,386,mobile_android,MEDIUM,0,1,0,1,6516.26
